customer_id,first_name,last_name,email,phone,city,state,country,signup_date,customer_status
C00001,Danielle,Johnson,john21@example.net,9600133890,Robinsonshire,Louisiana,USA,2025-12-05,Active
C00002,Adam,Shaffer,jpeterson@example.org,1161559407,New Kellystad,Oregon,USA,2024-01-28,Active
C00003,Chad,Stanley,tracie31@example.com,7525534192,Grayside,Iowa,USA,2025-07-21,Active
C00004,Megan,Parsons,lydiatrujillo@example.com,1395376724,Juliechester,Pennsylvania,USA,2024-09-11,Active
C00005,Jeffrey,Bright,ddavis@example.org,2691669784,Kaylamouth,Delaware,USA,2024-05-18,Active
C00006,Eric,Smith,teresa28@example.org,8932528809,West Natashaport,Kansas,USA,2023-09-03,Active
C00007,Natalie,Arroyo,dennislisa@example.net,2782489638,Samuelhaven,New Hampshire,USA,2023-11-11,Active
C00008,Jeffrey,Morgan,briannasmith@example.net,3105183473,Sanchezfort,Nebraska,USA,2024-01-26,Active
C00009,Collin,Jordan,ujenkins@example.org,0651333872,Wrightland,New Hampshire,USA,2025-12-03,Active
C00010,Melissa,Garcia,novaksara@example.org,6773602606,Hortonside,Texas,USA,2025-08-27,Inactive
C00011,Eric,Phillips,,0097882081,Lake Michellefurt,Delaware,USA,2026-04-28,Active
C00012,Ashley,Riley,harveyrobert@example.net,4353462475,North Amandahaven,Kentucky,USA,2023-11-24,Active
C00013,Michael,Jones,mikemoore@example.net,9808412411,Cassandramouth,Indiana,USA,2025-07-24,Active
C00014,Melissa,Wagner,rebecca01@example.net,4005242786,Lake Rebeccaside,Arizona,USA,2026-01-01,Active
C00015,Brandi,Hernandez,bobbydiaz@example.org,3315869232,Lake Sandra,Nebraska,USA,2025-11-27,Active
C00016,Michelle,Cochran,erik16@example.org,3375433036,Michaelhaven,Montana,USA,2025-07-15,Active
C00017,Megan,Rivera,wilsontara@example.org,0196556981,Bradleychester,Alabama,USA,2025-01-21,Active
C00018,Lindsay,Mcdaniel,michaeljones@example.net,9514846564,Ortegafurt,Utah,USA,2025-09-28,Inactive
C00019,Grant,Carroll,akelley@example.com,3699577738,Zacharymouth,Colorado,USA,2025-12-14,Active
C00020,Karen,Chambers,lindsayhernandez@example.org,7917693676,Port Ronaldburgh,Vermont,USA,2025-01-19,Active
C00021,Brent,Wright,bryantlaurie@example.net,123,Simsview,New Hampshire,USA,2023-09-24,Active
C00022,Justin,Nelson,patricia12@example.org,6231665876,Steinshire,Vermont,USA,2023-07-23,Active
C00023,Nicole,Johnston,wsmith@example.com,6889373467,Ramseymouth,Florida,USA,2026-06-10,Active
C00024,Amanda,Meadows,millerroy@example.com,0465375564,Smithside,Arkansas,USA,2026-07-01,Active
C00025,Michael,Santos,websterstefanie@example.org,9232719374,Port Loriport,Connecticut,USA,2025-03-27,Active
C00026,Sarah,Johnston,tsanders@example.org,9314919058,Alexanderchester,New York,USA,2023-10-25,Inactive
C00027,Susan,Reid,bzimmerman@example.org,9877694531,Hudsonfurt,Michigan,USA,2023-08-02,Active
C00028,Melissa,White,michaelgreen@example.com,8083136783,North Kellyfurt,Vermont,USA,2024-03-24,Active
C00029,Elizabeth,Wood,ronald85@example.com,4443135182,Jennyhaven,Rhode Island,USA,2024-05-07,Active
C00030,Craig,Lee,michaelturner@example.net,4008427109,Petersonton,Kentucky,USA,2026-04-28,Active
C00031,Tim,Short,lynchjody@example.org,2294131869,Hayesmouth,Maryland,USA,2026-01-29,Active
C00032,Veronica,Torres,lynchjody@example.org,4123281206,Antonioport,Virginia,USA,2024-05-06,Active
C00033,Michele,Jones,sandrafrench@example.net,6183242102,Scottmouth,Vermont,USA,2024-05-30,Active
C00034,Richard,Nelson,mkim@example.org,5940139904,Stonemouth,Louisiana,USA,2024-01-16,Active
C00035,Brenda,Walters,ecosta@example.com,5512567468,Johnnyville,Wyoming,USA,2024-09-16,Active
C00036,Xavier,Travis,mgutierrez@example.net,9770348247,Lake Eric,Oklahoma,USA,2023-07-16,Active
C00037,Ricky,Walker,murraydavid@example.org,4846773782,Port Chad,Wyoming,USA,2025-11-13,Active
C00038,Robert,Villa,lori44@example.net,2787558867,Hallchester,Arizona,USA,2024-06-14,Active
C00039,Thomas,Mcintyre,qhughes@example.net,7028951718,Pittsberg,California,USA,2024-11-27,Active
C00040,Tanya,Morgan,vsantos@example.net,5780913431,Jacksonport,Alaska,USA,2023-08-21,Active
C00041,Laura,Carter,ryan38@example.com,2219693792,Scotttown,New Jersey,USA,2026-03-15,Active
C00042,Erica,Moore,llandry@example.com,4743671369,Andrewfurt,Louisiana,USA,2023-07-10,Inactive
C00043,Michelle,Osborne,lozanojulie@example.com,9533942104,Jessicaland,Maine,USA,2024-06-24,Active
C00044,Robert,Gonzalez,alyssa42@example.com,4517123685,Amandamouth,Mississippi,USA,2025-07-08,Active
C00045,Emily,Richards,daniel37@example.org,9317461200,East Paigeberg,Missouri,USA,2024-11-10,Active
C00046,Ellen,Paul,umatthews@example.org,1796405377,Amystad,Arkansas,USA,2024-09-10,Active
C00047,James,Martinez,ndavis@example.net,0532931839,Port Rachel,Alabama,USA,2024-04-30,Active
C00048,Tracey,Huerta,lauren10@example.org,5395024026,Weststad,North Carolina,USA,2025-04-12,Active
C00049,Shannon,Walker,acostaregina@example.net,7007661771,North David,South Carolina,USA,2025-05-25,Active
C00050,Amy,Nguyen,shawn96@example.org,8367365766,Elizabethstad,Georgia,USA,2025-07-23,Active
C00051,Thomas,Davis,daviscolin@example.net,2809885165,Michaelshire,North Carolina,USA,2024-02-20,Active
C00052,Diane,Walker,bellangela@example.org,9368998094,Sandrastad,Alabama,USA,2024-01-16,Inactive
C00053,Douglas,Sandoval,thomascynthia@example.org,8366752545,East Ericton,Utah,USA,2023-09-29,Active
C00054,Scott,Coleman,nperry@example.net,5614978403,East Kevinborough,Wyoming,USA,2023-11-29,Inactive
C00055,Jonathan,Murphy,jimenezryan@example.org,8388516060,Berrychester,Maine,USA,2023-11-05,Active
C00056,Andrew,Nguyen,xcollier@example.org,1369681645,New Cynthiahaven,North Carolina,USA,2024-01-30,Active
C00057,Kimberly,Bell,joelthomas@example.org,9212779979,South Carlos,New Hampshire,USA,2025-05-23,Active
C00058,Laura,Vargas,william47@example.com,0541199867,Stoutshire,Tennessee,USA,2024-01-24,Active
C00059,Cassidy,Mason,hayeslisa@example.com,8203778892,Ortizmouth,Utah,USA,2025-04-17,Active
C00060,Kristina,Holland,riveraangela@example.com,4925192546,Angelicamouth,Florida,USA,2025-07-05,Active
C00061,Maria,Rodgers,lucasrodney@example.com,5423573322,Lake Matthewberg,Rhode Island,USA,2024-08-17,Active
C00062,Francis,Guerra,jenniferwilliams@example.com,7947383473,Hammondfurt,North Carolina,USA,2025-01-30,Active
C00063,Tammy,Montoya,moniquewilliams@example.com,8181412478,Port Shannon,Minnesota,USA,2026-04-16,Active
C00064,Robert,Sanders,joe15@example.org,5152204727,North Jonathanberg,Oklahoma,USA,2026-04-27,Active
C00065,Chelsea,Henderson,john10@example.org,9711798089,Smithstad,Kansas,USA,2025-03-18,Active
C00066,Jacob,Barnett,carlos88@example.net,6706540515,Dennisstad,Ohio,USA,2024-07-07,Active
C00067,Dawn,Greer,epollard@example.net,2170430305,Kingborough,Maine,USA,2024-07-27,Active
C00068,Kimberly,Glenn,joshua56@example.com,6527758416,New Kelly,Connecticut,USA,2023-09-27,Active
C00069,Donna,Parker,cjackson@example.com,0596401658,Johnsonland,Kansas,USA,2025-11-01,Active
C00070,Michael,Reyes,jacobserika@example.com,7192856543,Holmesside,Delaware,USA,2024-04-13,Active
C00071,Jorge,Griffin,heather73@example.org,1727155188,Port Michael,Iowa,USA,2023-11-12,Active
C00072,James,Taylor,jjohnson@example.net,7829114678,East Teresaland,New Hampshire,USA,2024-11-23,Active
C00073,Zachary,Anderson,katrinaanderson@example.net,1824225358,Lake Stephanie,Louisiana,USA,2023-11-16,Inactive
C00074,Kevin,Ferguson,brittanycarpenter@example.org,9001094396,Dawnport,New Mexico,USA,2024-03-26,Active
C00075,Lindsay,Sullivan,djones@example.org,6773592555,West Johnville,Louisiana,USA,2024-11-05,Active
C00076,Donald,Williams,alin@example.org,5953278774,Wagnerbury,Indiana,USA,2025-04-01,Active
C00077,Brandon,Campbell,amitchell@example.org,2456506098,Charleshaven,New Hampshire,USA,2025-10-16,Active
C00078,Joshua,Hays,andersoncolin@example.com,8523986800,Stoneberg,Rhode Island,USA,2026-03-06,Active
C00079,Donald,Velazquez,francisco94@example.net,8887947055,Lauratown,Rhode Island,USA,2024-12-03,Active
C00080,Tammy,Patton,jennifersilva@example.org,2309130756,Shawfort,West Virginia,USA,2025-09-06,Active
C00081,Janice,Stone,whitney78@example.com,2785854973,Jeffreyport,Wyoming,USA,2024-05-13,Active
C00082,Jared,Bush,timothy84@example.com,9866524041,Lewisside,Louisiana,USA,2026-04-19,Active
C00083,Heather,Taylor,johnsantiago@example.net,3016571208,Santosport,Massachusetts,USA,2024-05-09,Active
C00084,Brian,Mack,amandasharp@example.org,6206724004,Justinside,North Dakota,USA,2024-12-24,Active
C00085,Sheena,Rosales,znelson@example.org,2742054932,Christopherville,Idaho,USA,2026-06-11,Active
C00086,Thomas,Boyle,greenjoe@example.com,4990453017,Hannahport,Mississippi,USA,2025-05-05,Active
C00087,Jeffrey,Anderson,spencerzhang@example.com,8783391878,North Mariahaven,Illinois,USA,2025-03-20,Active
C00088,Edward,Murphy,nwilson@example.net,1870728679,Jenniferfurt,Kentucky,USA,2025-12-12,Active
C00089,Julie,Lane,hendersonisabella@example.net,1704622656,Lake Tamaraside,Florida,USA,2025-06-17,Active
C00090,Michael,White,urice@example.org,0478686337,Lake Kathy,Arizona,USA,2025-12-05,Active
C00091,Robert,Miranda,allencarlos@example.net,7903067383,Jimshire,Massachusetts,USA,2025-03-25,Active
C00092,Kendra,Cardenas,kevinthomas@example.net,6440892687,Heatherchester,Georgia,USA,2024-05-25,Inactive
C00093,Ivan,Medina,melissaturner@example.net,7086688263,South Melanieland,Ohio,USA,2025-09-03,Active
C00094,James,Adams,russojacob@example.net,7354033173,New Marc,Maine,USA,2024-08-22,Active
C00095,Amanda,Howard,michael77@example.org,5355609320,Phillipsborough,Michigan,USA,2024-03-10,Active
C00096,Ashley,Sanchez,jonathan77@example.com,5228728080,Taylorbury,California,USA,2025-08-15,Active
C00097,Albert,Wagner,bruce97@example.net,0088600848,Drakeburgh,Connecticut,USA,2026-04-03,Active
C00098,Alice,Allen,lisa46@example.org,6793341016,Browntown,Vermont,USA,2024-01-05,Active
C00099,Vincent,Hamilton,ariel18@example.org,3974014890,New Douglas,Virginia,USA,2025-12-17,Active
C00100,Sarah,Evans,ashleyatkinson@example.net,6218501631,Novakmouth,Alaska,USA,2025-05-26,Active
C00101,Kristen,Hayes,michaelpugh@example.com,9619431142,Michaelland,Alabama,USA,2026-04-30,Active
C00102,Sean,Juarez,andersonjacob@example.com,1015819956,Maxwellside,Kansas,USA,2025-03-19,Active
C00103,Gavin,James,josephadams@example.org,2646471543,South Daniel,Maryland,USA,2023-07-09,Active
C00104,Randall,Skinner,vbrock@example.com,6924593752,Faulknerbury,Massachusetts,USA,2024-08-17,Active
C00105,Lisa,Long,frederickjames@example.net,8073741672,Lake Rodney,Missouri,USA,2023-09-21,Inactive
C00106,Vicki,Mendoza,sferguson@example.com,5891135290,Rodriguezville,Kentucky,USA,2024-03-01,Active
C00107,Julie,Grant,seanmyers@example.net,5071461125,New Timothy,New Mexico,USA,2023-10-16,Inactive
C00108,Jennifer,Chavez,evanslisa@example.org,5123828258,Sotoburgh,South Dakota,USA,2025-06-21,Active
C00109,Randall,Mclaughlin,shannonjordan@example.org,3419182553,Rosemouth,Rhode Island,USA,2024-08-30,Active
C00110,Philip,Wilson,megan92@example.net,9912513412,Barnesberg,Oregon,USA,2024-08-25,Active
C00111,Jacob,Reid,angelaburns@example.org,5790507236,Cohenchester,Virginia,USA,2026-01-07,Active
C00112,Tracy,Miller,flynnjeffrey@example.org,3842797881,Amberton,Wisconsin,USA,2025-08-28,Active
C00113,Amy,Fritz,fitzgeralddesiree@example.org,0745171339,New Donald,Indiana,USA,2025-12-09,Active
C00114,Linda,Hudson,candice25@example.net,4948126042,Mariafurt,New York,USA,2023-12-04,Active
C00115,Cynthia,Burton,ohayes@example.org,8457759017,Robinsonchester,Indiana,USA,2024-12-25,Active
C00116,Marcus,Campbell,ashleewashington@example.com,0170127706,Port Sarah,Louisiana,USA,2023-10-12,Active
C00117,Michael,Miller,brettgarrett@example.net,6110371293,Lake Matthewville,Nevada,USA,2025-07-31,Active
C00118,Tim,Perez,crosscurtis@example.com,4262218909,Lake Kaitlin,Nebraska,USA,2025-05-07,Active
C00119,Scott,Robinson,taylordavid@example.net,5652341389,Port Melanieport,Indiana,USA,2025-01-19,Active
C00120,William,Adkins,debbie37@example.com,3791805526,Port Thomas,Wyoming,USA,2023-09-19,Inactive
C00121,Brenda,Smith,billbrown@example.com,8666188924,Port Eric,Massachusetts,USA,2024-09-02,Active
C00122,Cynthia,Davenport,collinssamuel@example.org,3161799042,East Tylerstad,North Dakota,USA,2025-01-18,Active
C00123,Lynn,Green,david41@example.org,6481491778,West Eric,Wyoming,USA,2023-10-22,Active
C00124,Audrey,Sharp,joycesmith@example.org,0756220863,Josephland,Oregon,USA,2024-08-13,Inactive
C00125,Wayne,Winters,jeffreyblack@example.org,1744518705,Jodibury,New Jersey,USA,2024-08-08,Active
C00126,Teresa,Cuevas,jessicapayne@example.org,0603850506,South Travis,Arkansas,USA,2026-06-01,Active
C00127,Douglas,Ramirez,morsephyllis@example.net,5719182619,East Kelly,Massachusetts,USA,2026-04-11,Active
C00128,Phillip,Decker,louis43@example.org,2912127756,South Kyle,Kentucky,USA,2026-01-21,Active
C00129,Christopher,Aguirre,margaret90@example.org,2135680442,North Steven,Florida,USA,2023-11-12,Active
C00130,Bryan,Norman,davidcolon@example.com,9941013721,Williamsshire,Nevada,USA,2025-12-18,Active
C00131,Randall,Johnson,nthompson@example.org,4720999347,North Joshuaberg,Nebraska,USA,2024-02-05,Active
C00132,Nicole,Fox,mayokimberly@example.com,8759856420,Port Kimberlyton,New Mexico,USA,2025-02-01,Active
C00133,Katie,Key,craigsandoval@example.com,3965223955,New Stacy,New York,USA,2025-02-15,Active
C00134,Gregory,Johnson,halljeffery@example.net,0593252500,Port Aliciastad,California,USA,2024-08-14,Active
C00135,Sheri,Foster,rogersmarcus@example.org,7528953926,Lake Aaron,Vermont,USA,2026-05-06,Active
C00136,Peter,Gamble,whitelucas@example.net,9172513552,West Jasonland,Minnesota,USA,2024-04-08,Active
C00137,Daniel,Smith,akim@example.org,7658617932,Andrewview,Connecticut,USA,2023-09-21,Active
C00138,George,Bennett,paynerachael@example.org,9970629620,South Heidi,Washington,USA,2026-04-11,Active
C00139,Amber,Guerrero,john06@example.net,2050614973,Lake Kelly,Colorado,USA,2024-12-02,Active
C00140,Darrell,Glover,qburns@example.com,8625652704,Port Joseph,Arkansas,USA,2023-12-14,Active
C00141,Heather,Davis,lindsey69@example.org,6868793741,North Stacy,New Hampshire,USA,2024-01-07,Active
C00142,Tracey,Stanton,davidhenderson@example.net,3294511686,Starktown,Vermont,USA,2025-05-14,Active
C00143,Alexandra,Barnes,khernandez@example.net,1914856467,East Joshuaberg,South Carolina,USA,2025-04-29,Active
C00144,Heather,Williams,hannah07@example.com,0544471324,Jacobsland,Illinois,USA,2024-10-28,Active
C00145,Robin,Russell,xmalone@example.org,1486289023,South Brentstad,Virginia,USA,2024-02-05,Active
C00146,Micheal,Marshall,hreid@example.net,3579727985,West Anthonyton,Hawaii,USA,2026-01-22,Active
C00147,Kimberly,Lewis,deborahbyrd@example.com,8007229034,Woodardstad,New Jersey,USA,2024-04-03,Inactive
C00148,Steven,Byrd,asilva@example.net,8994417154,Jacobhaven,Wisconsin,USA,2024-03-21,Active
C00149,Brian,Mathews,rguerrero@example.org,7446660993,Knoxstad,North Carolina,USA,2024-05-26,Active
C00150,George,Sandoval,kellyruiz@example.net,8251353465,Stevenville,New Mexico,USA,2023-08-29,Active
C00151,Cynthia,Carpenter,kennedyjames@example.org,8460223569,Port Christopher,Michigan,USA,2025-05-23,Active
C00152,Gregory,Walters,hayesjason@example.org,7129666676,Lake Nathan,Alabama,USA,2026-03-05,Active
C00153,Katherine,Schmidt,rhodescourtney@example.org,5421689421,Lunahaven,Michigan,USA,2024-10-19,Active
C00154,Gloria,Anderson,mhoward@example.org,0332309821,Kelseyton,Rhode Island,USA,2026-06-26,Active
C00155,Ebony,Valdez,williamsdarrell@example.com,1847230461,South Maria,Connecticut,USA,2025-01-12,Inactive
C00156,Christine,Campbell,jimenezchelsea@example.com,5642087375,North Maryfort,Georgia,USA,2026-05-07,Active
C00157,Kimberly,Jones,conwaydawn@example.com,4701204556,Port Devonburgh,Michigan,USA,2024-07-27,Active
C00158,Samuel,Howell,watsonmatthew@example.org,6746762120,Phammouth,Idaho,USA,2025-05-02,Active
C00159,Kimberly,Carr,timothyfreeman@example.com,0145089935,South Dorothybury,New Mexico,USA,2024-07-14,Active
C00160,Erica,Cruz,smithsarah@example.net,7217535408,Montoyaland,New Jersey,USA,2024-10-30,Active
C00161,Ashley,Miller,hwest@example.com,1660880199,Lake Emily,Michigan,USA,2024-08-03,Active
C00162,Brian,Walker,xrivera@example.net,5711305548,East Travischester,Connecticut,USA,2024-04-05,Active
C00163,James,Martinez,ylewis@example.org,1609177982,New Savannahshire,New Mexico,USA,2026-04-10,Active
C00164,Kimberly,Kent,jessicaanderson@example.com,8669346547,Meganside,Massachusetts,USA,2025-08-20,Active
C00165,Selena,Chen,jasonklein@example.net,2288515879,Nataliechester,Alabama,USA,2025-01-24,Inactive
C00166,Anthony,Thomas,gonzalezkaren@example.org,4204380571,Youngport,Vermont,USA,2025-06-29,Active
C00167,Sara,Hughes,tammy00@example.net,3973598933,East Sydneyhaven,Delaware,USA,2024-08-18,Active
C00168,Roy,Hawkins,eugenesingleton@example.org,7202590947,Port Jasminehaven,Iowa,USA,2026-05-15,Active
C00169,Abigail,Hartman,robertherrera@example.org,3355543987,Seanbury,Arizona,USA,2025-07-19,Active
C00170,Manuel,Moon,cruzamber@example.com,8588770435,Port Amanda,Alabama,USA,2025-05-19,Active
C00171,Jason,Soto,michellecoleman@example.org,8612075011,New Lorraineview,Nebraska,USA,2024-08-30,Active
C00172,Crystal,Hamilton,pricedavid@example.org,9015814491,Shorttown,New Mexico,USA,2023-12-20,Active
C00173,Jeffrey,Francis,susan24@example.net,0882100996,Jasonstad,Indiana,USA,2024-09-26,Active
C00174,Debbie,Hunt,jackjensen@example.com,1290878141,Lynnstad,Florida,USA,2025-07-06,Active
C00175,Jimmy,Mitchell,mcculloughlouis@example.com,9492995562,Lake Jodi,Nevada,USA,2024-04-30,Active
C00176,Michael,Frazier,natalie77@example.com,7812914283,Port Williamtown,Pennsylvania,USA,2025-03-27,Active
C00177,Kayla,Lewis,arnoldamy@example.net,2563942788,Lake Johnburgh,Wisconsin,USA,2025-01-15,Active
C00178,Sean,White,jillwebb@example.com,3731453038,Keithton,Tennessee,USA,2024-06-21,Inactive
C00179,Jane,Boyd,mary49@example.net,6659184638,Sparkstown,North Carolina,USA,2026-02-22,Active
C00180,Scott,Hall,jason22@example.com,3651777392,East Ashleyburgh,Florida,USA,2025-05-21,Active
C00181,Benjamin,Armstrong,jacksonsandra@example.net,9904137977,Port Brandi,Wyoming,USA,2024-01-17,Active
C00182,Donna,Baker,sandra99@example.org,6621038862,Valenzuelaton,Ohio,USA,2025-01-03,Active
C00183,David,Olson,rachelryan@example.org,8650863765,Andersonfort,Wyoming,USA,2024-03-12,Active
C00184,Michele,Campbell,ascott@example.net,9818063565,Joseside,Nevada,USA,2025-03-11,Active
C00185,Cheryl,Braun,afischer@example.net,2588744956,Loganburgh,Connecticut,USA,2024-02-22,Active
C00186,Richard,Morgan,martintamara@example.org,2796114351,Mendezhaven,Maine,USA,2025-08-19,Active
C00187,Carla,Bautista,daniellegonzales@example.org,3098839205,West Kimberlystad,Texas,USA,2024-09-07,Active
C00188,Brenda,Holmes,calhounandrea@example.net,5439376904,New Charlesport,Michigan,USA,2026-05-04,Active
C00189,Leah,Frye,heather69@example.com,5779071416,Moseshaven,Ohio,USA,2023-07-12,Active
C00190,Marilyn,Wright,rosskaitlyn@example.com,8275539423,Port Joseph,Iowa,USA,2024-02-09,Active
C00191,John,Montgomery,kimberlywilson@example.org,9080759579,Raymondshire,Florida,USA,2023-08-30,Active
C00192,Lauren,Mendoza,shawphillip@example.net,7187500369,Jacobview,Kansas,USA,2024-04-22,Active
C00193,Susan,Cooper,victorclark@example.net,5647292931,Chaseborough,Georgia,USA,2025-11-24,Active
C00194,Joanna,Kennedy,thompsonvictor@example.net,7448906120,South Julieview,Mississippi,USA,2024-07-30,Active
C00195,Angela,Patrick,andrew15@example.net,9982455877,Stevenberg,Hawaii,USA,2025-06-03,Inactive
C00196,Sarah,Fisher,esweeney@example.org,5355449647,Gutierrezburgh,Alaska,USA,2023-11-16,Active
C00197,Jimmy,King,clarkrandy@example.org,7800681149,Jeromeport,New Hampshire,USA,2025-05-18,Active
C00198,David,Roberson,johnsonmichael@example.com,7848728299,Reginafort,Ohio,USA,2024-03-06,Inactive
C00199,Christopher,Parker,tgreen@example.org,8254780774,Port Adrian,Mississippi,USA,2024-01-24,Active
C00200,Nicole,Kim,frankmclaughlin@example.com,3416389448,East Derrickville,South Dakota,USA,2024-11-12,Active
C00201,Shawn,Graves,blopez@example.org,8021442703,Robinsonchester,Maryland,USA,2025-11-09,Active
C00202,Tyrone,Watson,riveramegan@example.org,4618723460,Wrightton,Illinois,USA,2024-11-18,Active
C00203,Kelli,Boyd,thomasmaldonado@example.com,2088147435,Lake Ryan,Alabama,USA,2024-01-01,Active
C00204,Joshua,Wilson,albertwilliams@example.net,9251327195,Lake Amanda,Connecticut,USA,2023-11-16,Active
C00205,Jesse,Holden,linda73@example.org,5240778487,Mariomouth,Louisiana,USA,2026-02-06,Active
C00206,Carol,Valencia,caseymoore@example.com,8570862095,Lake Tammyfurt,Illinois,USA,2025-01-26,Active
C00207,Tyler,Arnold,marcus51@example.org,0220317310,Brandonbury,Rhode Island,USA,2025-08-26,Active
C00208,Alexander,Mccall,fhebert@example.com,5865094801,North Jessicaside,Missouri,USA,2024-01-25,Active
C00209,Alicia,Wright,angelagrant@example.net,9576122868,Mahoneymouth,Oklahoma,USA,2026-06-22,Active
C00210,Mark,Watson,umckenzie@example.net,9836845776,New Derekport,Alabama,USA,2024-05-26,Active
C00211,Jeffrey,Foley,ingramsherry@example.com,1075224593,New Ricardoborough,Washington,USA,2023-09-24,Active
C00212,Mark,Olson,spetersen@example.net,9409610556,Lake Kimberlyfurt,Arkansas,USA,2024-05-31,Active
C00213,Blake,Fernandez,markwolfe@example.org,6799813646,South Ashleyton,Oklahoma,USA,2024-09-11,Active
C00214,Christopher,Shaw,kathleencastillo@example.org,6938983314,North Emilychester,Mississippi,USA,2024-07-17,Active
C00215,Malik,Wheeler,carrillogary@example.com,9270335211,Port Marissa,Maine,USA,2023-07-17,Inactive
C00216,Heather,Rodriguez,vruiz@example.org,3884879206,Georgeport,Illinois,USA,2025-11-12,Inactive
C00217,Christine,Brown,jonesdonna@example.net,1046368157,East Vincent,New Jersey,USA,2025-03-07,Active
C00218,Jennifer,Williams,matthew62@example.org,5543840460,West Penny,Texas,USA,2023-11-29,Active
C00219,Jessica,Meyer,robertberry@example.com,9578232983,South Wendy,Wyoming,USA,2023-12-08,Active
C00220,Sarah,Stark,carlos81@example.org,2056647423,Port Valerieview,Rhode Island,USA,2025-03-14,Active
C00221,Jerry,Hall,howardhailey@example.com,8975267722,Durantown,Louisiana,USA,2026-05-08,Active
C00222,Jeffrey,Powers,katherinejones@example.com,5736609656,New Danielmouth,Arizona,USA,2026-02-18,Active
C00223,John,Medina,grantzachary@example.net,3476447264,South Maria,New Hampshire,USA,2023-10-09,Active
C00224,Vincent,White,phillipmorris@example.org,7937145211,New Jasminehaven,South Carolina,USA,2026-05-07,Active
C00225,Nicholas,James,rhondacunningham@example.net,2220644742,New Kathytown,New Jersey,USA,2024-12-28,Active
C00226,Victor,Aguirre,lyoung@example.net,7671990384,East Eddiestad,Arizona,USA,2023-12-08,Active
C00227,Antonio,Lane,mark10@example.org,2249998279,Marcusfurt,California,USA,2025-10-10,Active
C00228,Megan,Brown,staylor@example.com,8683390198,Ronaldmouth,Kentucky,USA,2025-01-27,Active
C00229,Wanda,Gomez,christinacrawford@example.net,7293430107,Gutierrezmouth,Minnesota,USA,2025-03-07,Active
C00230,Dana,Smith,hannahking@example.org,4885015569,West Martha,Utah,USA,2024-12-08,Active
C00231,Thomas,Johnson,timothyburton@example.net,7608495880,Carlberg,Louisiana,USA,2026-01-08,Active
C00232,Matthew,Brooks,ashleyprice@example.net,4504617357,Gregorystad,Arizona,USA,2025-10-31,Active
C00233,Robin,Wallace,lloydrebecca@example.org,5784521823,North Larryton,Utah,USA,2026-01-16,Active
C00234,Monica,Cook,garciakatie@example.net,0943533448,Edwardview,Delaware,USA,2023-07-18,Active
C00235,Cindy,Palmer,amydunn@example.com,4932149587,Bergerton,Connecticut,USA,2024-08-25,Active
C00236,Christopher,Myers,tjensen@example.com,8179217174,East Michelle,South Carolina,USA,2024-04-09,Active
C00237,Michael,White,kristina57@example.com,1715772459,South Lisaville,Massachusetts,USA,2025-03-02,Active
C00238,Chad,Turner,amorales@example.org,8276153966,East Elaine,California,USA,2025-09-19,Active
C00239,Jennifer,Copeland,vargassteven@example.net,7246191965,Port Dominic,Pennsylvania,USA,2026-03-17,Active
C00240,Daisy,Smith,donnachavez@example.com,9973354946,New Valeriefurt,Florida,USA,2026-01-21,Active
C00241,Bryan,Santana,smithann@example.com,4036965666,South Don,Oklahoma,USA,2024-08-26,Active
C00242,Sandra,Larsen,keithsalas@example.org,0102762126,South William,Oklahoma,USA,2025-12-16,Active
C00243,Paul,Perez,kjacobs@example.com,8468950097,Nixonland,Georgia,USA,2025-09-09,Active
C00244,Alicia,Villarreal,steven18@example.net,3718949058,Berrymouth,Nebraska,USA,2024-07-22,Active
C00245,Tiffany,Phillips,austinlivingston@example.net,9407929049,East Williamview,Kentucky,USA,2023-11-24,Active
C00246,Juan,Hodge,figueroacassandra@example.net,7524372805,Port Tyler,Nebraska,USA,2025-10-23,Active
C00247,John,Alexander,jasonnavarro@example.com,4102767478,Bakerhaven,Nevada,USA,2023-07-15,Active
C00248,Sara,Cole,suzanne01@example.net,6945441496,New Matthew,Vermont,USA,2026-06-24,Active
C00249,Lawrence,Smith,deckeralexander@example.org,7534430091,Lake Susanland,Rhode Island,USA,2023-11-21,Active
C00250,Diana,Yoder,pauladominguez@example.com,7174654214,Wendyview,Kentucky,USA,2024-01-13,Active
C00251,Chad,Krause,chelseywhite@example.com,2863917410,Kimberlytown,New York,USA,2023-12-12,Active
C00252,Danielle,Fitzpatrick,sadams@example.com,9087766183,New Amandastad,Michigan,USA,2025-07-18,Active
C00253,Richard,Chen,diazmelissa@example.com,7432806346,Lake Samuelborough,Florida,USA,2023-08-10,Active
C00254,Anthony,Davies,tracybrown@example.net,7870050506,Bentleyside,Georgia,USA,2025-09-21,Active
C00255,Jesse,Jones,tracysmith@example.net,3202041792,South Brookebury,California,USA,2025-11-29,Active
C00256,Ronald,Cain,rnguyen@example.net,5309251142,South John,Pennsylvania,USA,2023-08-15,Active
C00257,Craig,Boone,bstrickland@example.com,0021946723,Jenkinsburgh,South Carolina,USA,2025-07-29,Active
C00258,Caitlyn,Love,burtonkimberly@example.com,0833181958,West Brian,Delaware,USA,2025-11-21,Active
C00259,Gina,Schmitt,kjimenez@example.net,0543645970,East Kristen,New York,USA,2025-01-16,Active
C00260,Chad,Young,uwatkins@example.com,5315313636,Brownchester,Georgia,USA,2024-02-23,Active
C00261,Chelsea,Thompson,derek35@example.com,5209042177,West Cassandra,South Dakota,USA,2026-05-11,Active
C00262,Rebecca,Lane,christophervincent@example.com,9774063356,New Rachel,Nebraska,USA,2026-06-10,Active
C00263,Billy,Ruiz,simmonsphillip@example.net,7731806325,South Elizabethburgh,Virginia,USA,2024-11-16,Active
C00264,Ashley,Silva,iford@example.net,2570165804,Port Gail,South Carolina,USA,2026-02-21,Active
C00265,Jill,Brown,pamela16@example.com,9055281832,Lake Timothyshire,Vermont,USA,2024-02-16,Active
C00266,Julie,Perez,rachael86@example.com,1557788178,Laurenland,Illinois,USA,2026-03-05,Active
C00267,Stephen,Miller,keithfrye@example.org,4127238046,Roberttown,Maine,USA,2024-01-25,Active
C00268,Andrew,Pham,robert55@example.com,7492424375,Justinburgh,South Carolina,USA,2026-04-09,Active
C00269,Jennifer,Mitchell,maryschwartz@example.net,2310592745,Lake Loganstad,Georgia,USA,2024-08-13,Active
C00270,Amber,Martin,david06@example.com,7520885474,Morganville,Washington,USA,2024-12-07,Active
C00271,Billy,Gregory,parkerrichard@example.org,5150939834,Rhodesland,North Carolina,USA,2024-09-06,Active
C00272,Tracy,Morrison,kerrmichael@example.org,5650455478,Laraport,Hawaii,USA,2025-12-01,Active
C00273,Tara,Coleman,ltaylor@example.net,2347851961,Thompsonmouth,Virginia,USA,2025-03-15,Active
C00274,Robin,Gonzalez,froberts@example.org,9478730024,Robertfort,Vermont,USA,2025-06-07,Active
C00275,Anthony,Hubbard,egamble@example.net,9796471589,East Luisberg,Minnesota,USA,2023-12-27,Active
C00276,Joseph,Barnes,brandon48@example.net,8321928554,Madelinetown,Florida,USA,2025-01-19,Active
C00277,Nathan,Washington,samantha21@example.org,8338988816,North Timothy,Maryland,USA,2025-07-28,Inactive
C00278,Don,Ramos,gerald40@example.net,3223423216,Toddton,Illinois,USA,2023-10-28,Active
C00279,Laura,Palmer,harrisonrebekah@example.org,4011939325,Stacystad,Minnesota,USA,2023-12-24,Active
C00280,Vincent,Chandler,williamjones@example.net,8334280138,South Emily,Connecticut,USA,2024-01-16,Active
C00281,Michael,Gray,willierussell@example.com,7182754801,Campbellport,Utah,USA,2026-06-05,Active
C00282,Scott,Spencer,traci63@example.org,5207167811,Lake Saraburgh,California,USA,2024-08-03,Active
C00283,James,Gonzalez,bmartinez@example.net,4994657967,Rodriguezview,New York,USA,2024-12-28,Inactive
C00284,Courtney,Taylor,rojasmaria@example.com,2695249911,West Ebony,New York,USA,2025-01-05,Active
C00285,Amy,Pacheco,cisnerosanthony@example.com,6756770028,Taylorfurt,New York,USA,2025-10-16,Active
C00286,Ashley,Henry,kalvarez@example.net,6479695450,Port Michael,West Virginia,USA,2025-04-02,Active
C00287,Kathy,Garrett,wdavis@example.com,5033349114,New Markmouth,Texas,USA,2026-02-02,Active
C00288,Ashley,Valenzuela,andrew79@example.org,6965917135,New Kevin,Nevada,USA,2024-02-08,Active
C00289,Cynthia,Dickson,pittmanamanda@example.com,0496391919,Simmonsstad,California,USA,2025-06-15,Active
C00290,Kevin,Brock,ualvarado@example.org,6498782082,Adamsside,South Carolina,USA,2026-01-21,Active
C00291,Rebecca,Michael,boydmichael@example.org,2466513644,South John,Georgia,USA,2024-01-28,Active
C00292,John,Wilcox,bwashington@example.com,3242044820,West Carolynland,Nebraska,USA,2026-03-10,Active
C00293,Emily,Blackwell,uhahn@example.org,1981898471,Markshire,West Virginia,USA,2024-09-01,Inactive
C00294,Kaitlin,Young,grobinson@example.org,4764907851,Vegaview,Georgia,USA,2024-08-02,Active
C00295,Jennifer,Underwood,brewerrebecca@example.org,3486451837,Kevinbury,Maryland,USA,2024-02-17,Active
C00296,Pamela,Moon,natasha60@example.com,7765612481,Shawntown,Wisconsin,USA,2023-08-28,Active
C00297,Darlene,Mccoy,aarongonzalez@example.com,9112382965,Glennshire,Massachusetts,USA,2025-11-24,Active
C00298,James,Perry,phillipbennett@example.net,0089317342,Burkeberg,Colorado,USA,2026-05-17,Inactive
C00299,George,Bradley,higginsryan@example.com,1333447626,Jessicaborough,Nebraska,USA,2024-01-15,Active
C00300,Laura,Johnson,joe73@example.com,1072563669,North Marvinbury,New Mexico,USA,2026-03-23,Inactive
C00301,Wendy,Crosby,smithwilliam@example.com,6528092428,North Logan,North Dakota,USA,2024-10-18,Inactive
C00302,Jorge,Edwards,victormcpherson@example.com,6449485625,Brownberg,Arkansas,USA,2024-03-09,Active
C00303,Barry,Green,fgraham@example.org,5877712151,Lake William,Louisiana,USA,2025-03-10,Inactive
C00304,Elizabeth,Lewis,foxashley@example.com,3715041659,North Stevefort,New Jersey,USA,2025-05-20,Active
C00305,Joseph,Barrett,tara97@example.com,3045018961,Port Michelle,Colorado,USA,2023-07-24,Active
C00306,Jared,Price,wmitchell@example.net,1476492515,Mcclurefort,Louisiana,USA,2025-03-10,Inactive
C00307,Rodney,Avila,christina66@example.org,8573278814,Evansberg,Utah,USA,2026-03-17,Inactive
C00308,Mckenzie,Mills,ashley81@example.org,8661794549,Lake Dorothyburgh,Idaho,USA,2026-01-10,Active
C00309,Brandon,Butler,lee77@example.net,5232194168,North Georgefort,New Jersey,USA,2025-07-29,Active
C00310,Misty,Church,nturner@example.com,4122031030,South Megan,Ohio,USA,2024-01-27,Active
C00311,Kevin,Ford,hhenderson@example.org,7770793349,North Crystalchester,Nebraska,USA,2026-01-17,Active
C00312,Jillian,Larson,benjamin67@example.net,3080695814,Deanstad,New Hampshire,USA,2025-08-04,Active
C00313,Andrew,Roberts,taylorkim@example.net,9597246657,Hannahland,Texas,USA,2024-12-12,Active
C00314,Glen,Moore,agarcia@example.com,3380054522,Ryanbury,Delaware,USA,2025-03-08,Active
C00315,Tom,Chaney,kayla84@example.org,0771199180,Port Jamiestad,Hawaii,USA,2025-09-07,Active
C00316,Jean,Gill,goconnor@example.org,5213760375,West Nathanchester,Mississippi,USA,2025-05-21,Active
C00317,John,Mullins,icobb@example.com,6785072081,Holdenburgh,Nevada,USA,2023-09-07,Active
C00318,Katherine,Keller,rachelbrown@example.net,6684550489,New Claudia,South Carolina,USA,2025-06-15,Active
C00319,Heidi,Barron,trowe@example.org,8562884318,Katherineburgh,Alaska,USA,2023-08-01,Active
C00320,Laura,Vargas,marilyntorres@example.com,0548510174,Tonyashire,Oregon,USA,2025-08-23,Active
C00321,Sharon,Wade,michaelmitchell@example.net,6831589357,Millerton,Nevada,USA,2026-03-01,Active
C00322,Thomas,Griffin,erica69@example.net,4976776228,Lake William,North Dakota,USA,2023-11-08,Active
C00323,Jason,Kennedy,sherrywood@example.org,1159408215,Toddberg,Georgia,USA,2025-11-07,Inactive
C00324,Robert,Zuniga,pamela32@example.net,0185106794,Alvarezberg,Wisconsin,USA,2023-11-30,Inactive
C00325,Dana,Gill,uhernandez@example.com,9966365807,New Crystalport,Oklahoma,USA,2025-06-08,Active
C00326,Dawn,Miller,bernardaimee@example.com,1820433971,Chapmanfort,Alaska,USA,2024-07-08,Active
C00327,Henry,Johnson,patrick11@example.org,4224124620,Lake Brianfurt,Connecticut,USA,2024-06-16,Active
C00328,Robert,Nguyen,hdavid@example.org,3993788614,Jonestown,Nebraska,USA,2025-05-26,Active
C00329,Robin,Smith,sanchezangela@example.org,9671832582,Williamsmouth,South Carolina,USA,2024-05-14,Active
C00330,Teresa,Smith,qnelson@example.net,5398402891,Port Donaldside,Louisiana,USA,2026-02-18,Active
C00331,Jason,Wagner,nicole54@example.net,4355379502,North Emilychester,Oklahoma,USA,2026-03-09,Active
C00332,Jacqueline,Farmer,cobbdebra@example.org,7156956201,Smithtown,Wisconsin,USA,2024-05-05,Active
C00333,Sandra,Howard,velasquezcolleen@example.net,3750479303,Jacksonborough,Texas,USA,2025-09-18,Active
C00334,Emily,Morrison,cameronanderson@example.org,4938430894,Davidsonton,Massachusetts,USA,2024-10-18,Active
C00335,Wanda,Hill,hsimpson@example.org,0468750635,Lake Rodney,California,USA,2026-04-02,Active
C00336,James,Murphy,garrettcolin@example.com,0954317350,Port Carolmouth,Wisconsin,USA,2023-10-14,Active
C00337,Sean,Martinez,rangelnicholas@example.net,2070496110,Moraleschester,Iowa,USA,2026-02-03,Active
C00338,Kristin,Hanson,yreyes@example.com,5078593110,New David,North Carolina,USA,2024-04-07,Active
C00339,Robert,Hardy,ilopez@example.org,2496854982,Kellytown,North Dakota,USA,2025-04-04,Active
C00340,Erika,Brown,hendersonjames@example.org,1537795995,Francismouth,Arizona,USA,2024-12-26,Active
C00341,Samantha,Fowler,stevenlewis@example.com,6362050150,Scottshire,Wisconsin,USA,2024-07-30,Inactive
C00342,Theresa,Gonzalez,grant42@example.com,2302410261,Allenstad,Texas,USA,2024-01-05,Active
C00343,Alison,Lloyd,ejohns@example.org,2338655963,Port Amanda,Georgia,USA,2024-06-25,Active
C00344,Brian,Flynn,melissaschmitt@example.com,1791286857,Jenniferhaven,Vermont,USA,2024-12-12,Active
C00345,Stephanie,Wells,ylittle@example.net,3337363466,Andreaberg,Wisconsin,USA,2023-10-02,Active
C00346,Sean,Bell,marshallchristine@example.com,7665754602,West Rachelport,North Carolina,USA,2025-01-14,Active
C00347,Dawn,Hartman,coreyjones@example.org,5354443928,Lynnfurt,Montana,USA,2025-12-18,Active
C00348,Katherine,Smith,michelleperez@example.net,7389877515,South Shannon,Oklahoma,USA,2023-08-03,Active
C00349,Don,Russo,sherry07@example.net,5366684590,West Ashley,Rhode Island,USA,2026-03-29,Active
C00350,Audrey,Myers,zharris@example.org,3715974121,Johnsonborough,California,USA,2026-03-26,Active
C00351,Paul,Harris,donna17@example.org,8025662128,Friedmanborough,Florida,USA,2026-02-10,Active
C00352,Kyle,Meyers,kmoore@example.com,8743027169,Stevensshire,Arizona,USA,2025-09-17,Active
C00353,Keith,Ibarra,treed@example.com,9263296762,East Nicoleburgh,Louisiana,USA,2026-02-23,Active
C00354,Amanda,Estrada,wolfejennifer@example.org,6815118567,South Anthonymouth,Missouri,USA,2024-07-12,Active
C00355,Reginald,Lee,smithdanny@example.org,7771183727,New Craigport,Delaware,USA,2025-02-06,Inactive
C00356,Peter,Jones,byrderic@example.com,3083708164,North Kelseyborough,Kansas,USA,2024-08-15,Active
C00357,John,Davis,ajohnson@example.com,1312206815,New Randall,Nevada,USA,2023-11-11,Active
C00358,Jason,Kelly,alexisvaldez@example.org,3731495013,Birdville,Virginia,USA,2025-02-08,Active
C00359,Veronica,Jefferson,johnathandavis@example.com,2525715099,New Briana,Alabama,USA,2024-03-12,Active
C00360,Christina,Mosley,joel63@example.net,0257432630,Dennismouth,Tennessee,USA,2025-11-10,Active
C00361,Benjamin,Conner,swong@example.org,5533803396,Sotoland,New York,USA,2023-09-16,Active
C00362,James,Walters,shawnamartinez@example.org,3816742336,Justinmouth,South Dakota,USA,2024-02-07,Active
C00363,Michelle,Olson,raymond27@example.com,8962706614,West Oscar,Maryland,USA,2024-11-10,Active
C00364,Nicholas,Obrien,cookjennifer@example.org,3008576665,South Nicoleville,Missouri,USA,2026-04-18,Active
C00365,Francisco,Hines,kelsey58@example.net,5066337050,Blackburnberg,Kentucky,USA,2024-03-29,Active
C00366,Beth,Bates,alexanderwise@example.net,6918362644,Jessicaland,Connecticut,USA,2025-05-29,Active
C00367,Kimberly,Cooper,josephclark@example.net,4027011686,West Jacob,Florida,USA,2024-02-04,Active
C00368,Hunter,Fry,nbradley@example.org,0234679121,West Calebtown,Pennsylvania,USA,2024-03-15,Active
C00369,Todd,Hodges,brownkaren@example.org,1380698477,Nathanmouth,Massachusetts,USA,2025-12-13,Active
C00370,Shelley,Ortega,wbishop@example.com,0762091843,Robertsonborough,Alabama,USA,2026-06-16,Active
C00371,Susan,Hess,schultzmorgan@example.net,7397691567,Lake Douglas,North Dakota,USA,2026-02-16,Active
C00372,Kristen,Moran,andersonlaura@example.com,2717833321,West Raven,Wyoming,USA,2024-05-04,Active
C00373,Jennifer,Wade,wadesandra@example.net,1539915668,Darrellland,Delaware,USA,2023-10-07,Active
C00374,Joy,Pineda,berrydavid@example.com,9040983665,North Randall,Ohio,USA,2026-01-21,Active
C00375,Leslie,Cabrera,mary77@example.org,2095481497,Brownmouth,Georgia,USA,2025-12-25,Active
C00376,Jason,Oconnor,isabellawilliams@example.org,6420865675,Justinborough,Vermont,USA,2026-01-25,Active
C00377,Phillip,Anderson,hornjenna@example.com,9277423330,South Stephanie,Nevada,USA,2025-07-15,Active
C00378,Gary,Brown,terri20@example.org,9626301367,Parsonsland,Wyoming,USA,2024-11-21,Active
C00379,Loretta,Reyes,hrichardson@example.org,1783099974,Washingtonchester,Maryland,USA,2025-03-19,Active
C00380,Cory,Brown,richardhaynes@example.com,1898131292,Davidberg,Oregon,USA,2024-02-13,Active
C00381,Evan,Hart,millerdavid@example.com,8260340848,Nealhaven,Minnesota,USA,2025-04-26,Active
C00382,William,Watts,youngjacob@example.com,2983954296,Patrickburgh,Montana,USA,2024-11-12,Active
C00383,Shirley,Rhodes,amandajones@example.net,3598926256,North Joseph,Ohio,USA,2023-10-30,Active
C00384,Amy,Jones,coxmatthew@example.com,3401636112,Davisstad,Vermont,USA,2025-03-20,Inactive
C00385,Julian,Nelson,mosleygeorge@example.com,5889679240,South Ashley,Louisiana,USA,2023-08-28,Active
C00386,Jessica,Villegas,erikabarnes@example.com,7578446834,Meganland,California,USA,2025-09-09,Active
C00387,Shirley,Martin,millerjustin@example.com,6827788160,Parkstad,Kansas,USA,2026-06-25,Active
C00388,Donna,Knapp,lawsontami@example.net,2152850676,Robinbury,Ohio,USA,2026-01-19,Active
C00389,Michaela,Roberts,ncarter@example.org,3480797050,Michaeltown,Minnesota,USA,2026-03-03,Active
C00390,Jacob,Gomez,jordanjames@example.net,6170243765,New Lisa,Connecticut,USA,2026-06-20,Active
C00391,Diana,Gonzales,michaelhamilton@example.com,1340266502,South Tracyfort,Utah,USA,2025-08-22,Active
C00392,Mark,Duran,vshaw@example.com,1102258030,South Timothyport,New York,USA,2023-09-30,Active
C00393,Roy,Williamson,johnwang@example.com,6371892392,Johnsonborough,Georgia,USA,2024-10-11,Active
C00394,Christina,Davis,jamesalicia@example.net,3567086041,Jenniferbury,Massachusetts,USA,2026-03-09,Active
C00395,Hunter,Smith,jason74@example.net,6247554110,Judithstad,West Virginia,USA,2025-11-01,Active
C00396,Allison,Watson,jason61@example.org,9109337118,Mayoborough,Ohio,USA,2025-08-29,Active
C00397,Bradley,Lee,patricia85@example.com,1617688029,New Bruceborough,West Virginia,USA,2025-12-10,Active
C00398,Troy,Patel,martinkaren@example.com,6943202939,Kevinbury,Maine,USA,2025-08-16,Active
C00399,Andrea,Jackson,fergusonkelly@example.net,4240338105,Lake Nicoleview,Washington,USA,2023-11-25,Active
C00400,Rachel,Phillips,garrettalex@example.com,4240891649,West Joseph,Pennsylvania,USA,2025-05-22,Inactive
C00401,Michele,Foster,uhall@example.com,2717272239,West Frankburgh,Montana,USA,2025-07-24,Active
C00402,Jacob,Thomas,psanchez@example.com,8209166010,West Douglastown,Alabama,USA,2026-05-16,Active
C00403,Daniel,Fitzgerald,melissa13@example.org,9724572308,Port Bradleyside,Maine,USA,2023-10-22,Active
C00404,Olivia,Perry,barrandrew@example.com,2543617213,New Matthewstad,Colorado,USA,2026-03-09,Active
C00405,Cassandra,Thompson,carol62@example.net,9451475410,South Sean,New Mexico,USA,2025-12-10,Active
C00406,Daniel,Simmons,duane52@example.org,5576769523,Ryanfort,Ohio,USA,2025-02-08,Active
C00407,Jerry,Miller,xrose@example.net,1350305872,Melindaberg,Maine,USA,2024-11-17,Active
C00408,Mary,Arnold,osanchez@example.org,1260650191,East Michaelland,Kansas,USA,2023-09-24,Active
C00409,Ashley,Cervantes,kathyharrison@example.org,7657041200,North Randy,Nevada,USA,2025-07-16,Active
C00410,Nancy,Spencer,samantha84@example.net,6241862369,Port Julie,Oklahoma,USA,2025-04-25,Active
C00411,Chris,Schwartz,pedwards@example.com,2056341115,West Francisco,Connecticut,USA,2023-09-11,Active
C00412,Carla,Avila,jacob30@example.org,1990970051,Susanhaven,Illinois,USA,2024-06-10,Active
C00413,Peter,Kelly,jacquelinedavis@example.com,8209679042,Lake Jesseborough,Utah,USA,2025-06-18,Active
C00414,Kayla,Martin,seth25@example.com,9606339912,East Katieport,Oklahoma,USA,2026-02-06,Active
C00415,Laura,Jacobson,udavis@example.org,2149551127,Santosberg,Delaware,USA,2026-05-31,Active
C00416,Tracy,Cox,richard92@example.com,8955168740,East Melissaport,Missouri,USA,2023-12-22,Active
C00417,Reginald,Jones,qsawyer@example.org,7787112166,West Matthewfort,Indiana,USA,2025-08-09,Active
C00418,Thomas,Ramirez,gardnerstacy@example.org,5909605673,Nelsonburgh,Colorado,USA,2023-12-04,Active
C00419,Joshua,Miller,hsavage@example.org,2016542356,Lake Samuel,Vermont,USA,2025-03-18,Active
C00420,Mackenzie,Hoffman,christiancontreras@example.net,5502727516,Hardingberg,South Dakota,USA,2024-11-05,Active
C00421,Tara,Davis,julielopez@example.net,9635339055,Lake Victormouth,Nebraska,USA,2024-09-23,Active
C00422,Michael,Daniels,daniel27@example.com,2892866464,North Debrachester,Connecticut,USA,2024-12-27,Active
C00423,Karen,Ho,schultzwesley@example.org,6337861371,Smithstad,Iowa,USA,2025-01-08,Active
C00424,Joseph,Hopkins,mary63@example.org,0002589552,Leefurt,Arkansas,USA,2025-11-26,Active
C00425,Becky,Anderson,lmadden@example.com,8263128196,Jamesland,Alaska,USA,2024-10-23,Active
C00426,Cristina,Watkins,montgomeryamy@example.org,0275233438,West Christopherberg,South Dakota,USA,2023-07-27,Active
C00427,Traci,Camacho,stevenscaitlin@example.org,4421175361,South Susanland,Indiana,USA,2025-07-24,Active
C00428,Nicholas,Edwards,lstokes@example.com,2990155799,Saraborough,Rhode Island,USA,2023-08-03,Active
C00429,Andrew,Hunt,javierdiaz@example.org,5231244731,Mcgeefort,Nevada,USA,2025-01-13,Active
C00430,Ricardo,Lee,jamesmathis@example.net,6199423767,Cindyfurt,Nevada,USA,2024-02-05,Active
C00431,Michael,Hurst,colepamela@example.net,9649856012,Johnborough,Texas,USA,2024-08-12,Active
C00432,Dustin,Edwards,floresalex@example.com,7953816493,Jenniferland,Oregon,USA,2026-03-06,Active
C00433,Robert,Avila,lisa33@example.org,7046117295,West Andrewshire,Alabama,USA,2026-03-27,Active
C00434,Justin,Skinner,ijohnson@example.net,5017164455,Troyton,Montana,USA,2024-05-24,Active
C00435,Tracey,Snyder,cameronsharon@example.org,3002156321,Lake Mirandaview,Arizona,USA,2023-10-31,Active
C00436,Stacey,Jones,hailey64@example.net,2971252967,New Timothy,New York,USA,2026-06-06,Active
C00437,Marc,Simon,christophermiranda@example.net,5833117030,South Dan,Indiana,USA,2025-12-10,Active
C00438,Kathleen,Palmer,kathleen47@example.net,8123567983,Rodneyport,Oregon,USA,2025-06-11,Active
C00439,Dylan,Walter,allenpatricia@example.org,0787541815,Shawhaven,Michigan,USA,2023-08-29,Active
C00440,Joseph,Davis,bdennis@example.org,3629489786,East Dariuston,Oregon,USA,2024-04-18,Inactive
C00441,Cameron,Garcia,nicolelyons@example.com,6134732354,East Wesleyfort,West Virginia,USA,2024-05-31,Active
C00442,Rebecca,Allen,erin22@example.com,2076502412,Aguilarfort,Kansas,USA,2024-11-30,Active
C00443,Brandon,Smith,mary88@example.org,1145775847,Port Michaelmouth,North Dakota,USA,2025-10-27,Active
C00444,Melody,Barrera,rrodriguez@example.net,2632570396,South Danielle,Louisiana,USA,2026-02-17,Inactive
C00445,Erika,Nolan,harcher@example.org,5569644309,South Laurashire,Minnesota,USA,2024-05-13,Active
C00446,Tara,Porter,stevenhernandez@example.com,4741407034,Torreschester,Minnesota,USA,2025-06-24,Active
C00447,Aaron,King,natasha88@example.org,4236914307,Rossville,Kentucky,USA,2026-04-05,Active
C00448,Carla,Thompson,ushelton@example.net,3426834414,South Kimberly,Nevada,USA,2023-10-15,Active
C00449,Alisha,Benson,taylor67@example.com,7080612943,New Amy,Oregon,USA,2026-02-18,Inactive
C00450,Brian,Bruce,richardsmith@example.net,0104159149,Lake Brendahaven,West Virginia,USA,2025-08-25,Active
C00451,Jacqueline,Black,rtaylor@example.net,4407931102,East Jamesfort,Alaska,USA,2025-12-30,Active
C00452,Scott,Brown,evanstimothy@example.org,8497916202,South Timothy,Maine,USA,2025-07-02,Active
C00453,Susan,Vasquez,peter17@example.com,2047196094,West Sydneymouth,Washington,USA,2024-11-15,Inactive
C00454,Albert,Moore,michaelmccarthy@example.com,2259572446,Obrienburgh,Oregon,USA,2025-08-16,Active
C00455,William,Hopkins,david59@example.net,9961002311,Port Lindsey,Washington,USA,2025-11-19,Active
C00456,Daniel,Gilmore,acampos@example.org,9410175902,Andersonshire,Oklahoma,USA,2024-02-05,Active
C00457,Johnny,Kim,jeremiah26@example.net,1901302056,Jacobhaven,New York,USA,2024-01-26,Active
C00458,Jared,Carey,michael82@example.org,6619128411,Andrewport,Kentucky,USA,2024-09-01,Active
C00459,Michael,Brennan,tammyjones@example.net,8984690819,West Robertborough,Michigan,USA,2026-03-01,Active
C00460,Brian,Harris,sandra03@example.com,9905169918,North Austinhaven,Iowa,USA,2025-06-13,Active
C00461,Ryan,Turner,andrewbrown@example.org,0870662668,New Tonistad,Minnesota,USA,2024-01-30,Active
C00462,Samuel,Brown,christophersmith@example.com,0301027240,West David,Montana,USA,2024-12-07,Active
C00463,David,Jones,shawna37@example.net,3745843845,West Rachelfort,Louisiana,USA,2023-09-25,Active
C00464,Rhonda,Skinner,kevintran@example.org,2037710704,Margaretland,Arkansas,USA,2024-05-02,Active
C00465,Chelsea,Simpson,ccruz@example.org,6268040850,Port Anthony,Washington,USA,2025-12-26,Active
C00466,Ryan,Patterson,aguirreangela@example.net,8769984267,Laurenview,Colorado,USA,2026-06-30,Inactive
C00467,Kelsey,Phillips,rjohnson@example.com,4901495427,South Benjaminstad,New Mexico,USA,2025-05-30,Active
C00468,Angela,Ortiz,hillcheryl@example.com,7244472322,Lake Benjaminhaven,New Hampshire,USA,2025-03-28,Active
C00469,Bobby,Love,lynnvictoria@example.com,5809351187,East Mark,Mississippi,USA,2025-12-26,Active
C00470,Erin,Jones,jliu@example.org,9556574902,New Anthony,Rhode Island,USA,2024-02-18,Active
C00471,Lawrence,Baldwin,shelby69@example.org,6113989868,Hopkinshaven,New Hampshire,USA,2024-06-13,Active
C00472,James,Johnston,marklloyd@example.com,7513765158,Jacobsmouth,Nebraska,USA,2024-03-09,Active
C00473,Maria,Hatfield,kimberlyrussell@example.net,9445511668,East Nancy,Alabama,USA,2023-12-31,Active
C00474,Robert,Cannon,inewton@example.org,0212886652,Davidmouth,Pennsylvania,USA,2025-04-29,Active
C00475,Daniel,Bowen,rodgersmichael@example.com,7647229812,Emilymouth,Missouri,USA,2024-06-17,Active
C00476,Gregory,Sharp,shirley13@example.com,5098898645,North Lisa,West Virginia,USA,2026-02-23,Active
C00477,Jessica,Jordan,barbara95@example.org,4214477324,Lake Joshua,Connecticut,USA,2024-02-13,Active
C00478,Mary,Fischer,georgebernard@example.net,0705349678,Lake Jasmineville,New Hampshire,USA,2026-03-02,Active
C00479,Trevor,Miller,victoriadennis@example.org,1315285478,Garciahaven,Massachusetts,USA,2024-01-26,Active
C00480,Angela,Monroe,averycourtney@example.org,9633472727,New Mercedesborough,Alabama,USA,2024-10-20,Active
C00481,Travis,Carr,benjaminwatts@example.net,9357824347,Amyport,Connecticut,USA,2024-02-26,Active
C00482,Sydney,Prince,robert75@example.org,1275156277,West Josephborough,Nebraska,USA,2023-09-06,Inactive
C00483,Kelsey,Green,robert76@example.com,0473504763,Port Colleen,South Carolina,USA,2025-05-01,Inactive
C00484,David,Fernandez,langchristopher@example.net,5810835832,Lauriestad,Michigan,USA,2024-09-27,Active
C00485,Angela,Wright,johnsonandrew@example.net,8670244033,Riosberg,West Virginia,USA,2026-02-16,Active
C00486,Michelle,Jones,vsmith@example.net,1963945680,North Joseph,Tennessee,USA,2025-03-24,Active
C00487,Nicholas,Jordan,tammyhoffman@example.com,8836076581,South Kelliemouth,Mississippi,USA,2024-12-05,Active
C00488,Daniel,Collins,lisadaugherty@example.org,3793126978,Kingport,West Virginia,USA,2024-07-06,Active
C00489,Edward,Morris,rsavage@example.net,8787535778,Lyonsfurt,Florida,USA,2025-10-08,Active
C00490,Fernando,Goodman,jameskane@example.org,6728728660,Jenniferview,North Dakota,USA,2024-06-19,Active
C00491,Pamela,Elliott,donaldmills@example.org,8947735228,Whitefort,California,USA,2026-06-24,Active
C00492,Adam,Miles,heathermedina@example.com,0979215835,Lorichester,Pennsylvania,USA,2025-09-08,Inactive
C00493,Michael,Wang,ann31@example.net,1342491289,Tammyfort,Indiana,USA,2024-01-02,Inactive
C00494,Krista,Hays,noblechristina@example.org,7051028767,East Annfurt,Wyoming,USA,2024-08-27,Active
C00495,Thomas,Collins,alyssa93@example.org,2687741865,Townsendstad,Washington,USA,2024-10-08,Active
C00496,Christina,Walter,patrickwhite@example.net,3758309451,New Joshuaview,Tennessee,USA,2024-12-07,Active
C00497,Bradley,Dominguez,joshua09@example.org,9772781050,North Robert,Delaware,USA,2023-09-01,Active
C00498,Dana,Brown,hodgejoshua@example.org,5529580660,Lake Joseph,Idaho,USA,2024-10-29,Active
C00499,Joshua,Gonzalez,vthompson@example.org,4851579197,Lake Christopher,Massachusetts,USA,2025-04-09,Active
C00500,Tammy,Wang,robinsonnicholas@example.org,4324064242,Port Jacob,Illinois,USA,2024-01-12,Active
C00501,Kenneth,Wolfe,christopher59@example.com,8720962893,West Holly,North Carolina,USA,2025-02-25,Active
C00502,Julia,Adams,jonathanmcdonald@example.org,8272795596,Lake Michaeltown,Hawaii,USA,2024-10-05,Active
C00503,Matthew,Wong,lopezmichael@example.org,8207979966,Carolynfort,Utah,USA,2024-09-13,Active
C00504,Billy,Hickman,kathrynsantana@example.net,6649690282,New Karen,Florida,USA,2025-06-28,Active
C00505,Kristina,Brown,parkerkatie@example.com,6270232441,Davisbury,Georgia,USA,2025-07-21,Inactive
C00506,Megan,Brooks,gmoore@example.com,3767316252,Carlsonside,California,USA,2024-07-16,Active
C00507,Elizabeth,Cordova,walkercharlotte@example.org,5580996132,West Ryan,Michigan,USA,2024-08-25,Active
C00508,Hector,Hernandez,paul70@example.com,2268171516,New William,Utah,USA,2024-11-11,Active
C00509,Todd,Choi,dhenderson@example.com,4197857585,Bergland,Georgia,USA,2023-07-09,Active
C00510,Stacy,Zimmerman,james97@example.com,7401775095,Katietown,Ohio,USA,2024-04-19,Active
C00511,Kelly,Butler,onguyen@example.org,5086321812,Michaelmouth,Vermont,USA,2025-05-08,Active
C00512,Samantha,Berger,uwilliams@example.com,2916815466,Port Ritaville,Illinois,USA,2025-03-18,Active
C00513,Wanda,Gilbert,heatherwilliams@example.net,3642480962,Clarkchester,Texas,USA,2023-11-21,Active
C00514,Joseph,George,colton30@example.net,3194979695,West Matthewstad,New Hampshire,USA,2023-12-15,Active
C00515,Melissa,Porter,emilyscott@example.org,7851385445,New Brenda,South Carolina,USA,2024-07-21,Active
C00516,Ryan,Forbes,potterjustin@example.net,3682691163,Gregoryburgh,Wyoming,USA,2025-10-31,Active
C00517,Jessica,Morales,nbell@example.com,5515888636,Mooreburgh,Montana,USA,2024-05-13,Inactive
C00518,Amanda,Cook,rdouglas@example.org,9666309329,Doughertymouth,South Carolina,USA,2024-03-31,Active
C00519,Ashley,Kennedy,craneandrew@example.net,8832753273,North Jamiemouth,New Jersey,USA,2024-03-26,Active
C00520,Carrie,Fritz,teresaporter@example.org,2371006876,Lake Kimberlyside,Virginia,USA,2023-07-27,Active
C00521,Timothy,Barber,lisa05@example.com,6112491256,Clarkville,Michigan,USA,2025-06-04,Inactive
C00522,Charles,Nolan,wgoodwin@example.com,4757494902,East Nicoleshire,Mississippi,USA,2025-08-22,Active
C00523,Kristopher,Baldwin,thomas74@example.org,2946430394,Michaelhaven,West Virginia,USA,2026-02-09,Active
C00524,Zachary,Woods,teresaschneider@example.net,8567287276,West Jamie,Georgia,USA,2024-05-02,Active
C00525,Kimberly,Mccormick,michaelstevens@example.net,8335061581,Port Brianshire,North Dakota,USA,2024-03-29,Active
C00526,Jonathan,Stevenson,jeremylove@example.org,9484131284,New Kathleen,New Mexico,USA,2024-11-21,Active
C00527,Amanda,Harrington,kristy13@example.com,7173189397,Callahanville,Washington,USA,2026-02-27,Active
C00528,Kimberly,Lee,qgay@example.com,7258784448,Connieville,Wisconsin,USA,2026-05-03,Active
C00529,Tony,Flores,lsimpson@example.org,4175823133,Katiefort,Connecticut,USA,2025-07-21,Active
C00530,Sara,Clark,mariolee@example.com,2925879643,Dustinmouth,Washington,USA,2024-07-23,Active
C00531,Julie,Cole,welliott@example.com,6065274033,West Ronaldfurt,Massachusetts,USA,2025-03-04,Active
C00532,Joanne,Salinas,ggates@example.org,2579706734,North Brianmouth,Louisiana,USA,2025-02-10,Active
C00533,Samuel,Mitchell,vtaylor@example.org,6229493817,Angelaport,Vermont,USA,2023-07-25,Active
C00534,Kelsey,Jones,susan57@example.net,2573755344,Lake Robertfurt,New York,USA,2025-11-22,Active
C00535,Marie,Brown,allen60@example.net,8749511918,New Sandraborough,Wisconsin,USA,2023-09-20,Active
C00536,Gabriella,Meyers,vhayes@example.org,1295786069,Smithbury,Massachusetts,USA,2024-10-12,Active
C00537,Jonathan,Walker,amanda39@example.com,3234210890,West Monicabury,Texas,USA,2024-02-15,Active
C00538,Kevin,Coleman,jesse35@example.org,7160736077,Lawrenceville,Colorado,USA,2026-05-29,Active
C00539,William,Lane,martinjason@example.com,5633185748,South Lindafurt,Connecticut,USA,2024-07-24,Active
C00540,Sonya,Copeland,pbautista@example.com,1670450232,East Heather,Wisconsin,USA,2023-08-13,Active
C00541,Caitlyn,Clark,nathan62@example.com,2822512073,Christytown,Alaska,USA,2024-06-29,Active
C00542,Pamela,Johnson,robinwilliams@example.com,2105316117,Taylortown,Maryland,USA,2024-12-04,Active
C00543,Rachel,Scott,diana59@example.net,7793238223,Oliviaville,Kansas,USA,2024-03-05,Active
C00544,Jack,Hopkins,jennifer79@example.net,2565290603,Port Lauraburgh,Montana,USA,2024-06-19,Inactive
C00545,Ashley,Webb,jacob96@example.com,7948714855,Ingrammouth,Texas,USA,2023-10-15,Active
C00546,Melissa,Hines,bryan56@example.net,8213711842,Tranland,North Carolina,USA,2024-01-18,Active
C00547,Lori,Blackwell,donaldbecker@example.org,5892988085,West Erik,Utah,USA,2023-12-30,Inactive
C00548,Cynthia,Montgomery,amberfriedman@example.com,4064686775,West Jeanetteport,Indiana,USA,2026-04-08,Active
C00549,Christie,Chung,fischerdonald@example.com,3626693351,Martinezshire,Utah,USA,2023-12-15,Active
C00550,Scott,Chambers,alex18@example.com,9737418972,South Maryview,Delaware,USA,2025-05-19,Active
C00551,Ronald,Jackson,oblake@example.net,1995376601,Robertview,Minnesota,USA,2023-10-01,Active
C00552,Craig,Shaffer,brendawalker@example.com,1789969860,New Codybury,Mississippi,USA,2025-03-28,Active
C00553,Jenna,Munoz,chiggins@example.com,7980660392,Samanthatown,Washington,USA,2024-11-13,Active
C00554,Patricia,Howard,michael34@example.com,5742388565,Michaelside,West Virginia,USA,2025-11-30,Active
C00555,Tammy,Stewart,craig16@example.com,2634755752,East Bonniehaven,Vermont,USA,2025-06-04,Active
C00556,Kenneth,Castro,raymonddominguez@example.org,1964258562,West Yvonnemouth,Arizona,USA,2024-03-27,Active
C00557,Eric,Haney,simpsonmartha@example.org,3732043097,South Jacob,North Dakota,USA,2025-03-29,Active
C00558,Courtney,Oneal,tfrancis@example.com,6553585125,North Tina,North Carolina,USA,2025-08-16,Active
C00559,Amanda,Garcia,jenniferrobbins@example.net,7490797796,Hansenton,Minnesota,USA,2024-12-05,Active
C00560,Jasmine,Brown,cameron49@example.com,9762637484,Thomasside,Utah,USA,2025-04-05,Active
C00561,Michelle,Arellano,josephmichael@example.org,9186233922,Christopherfurt,Oregon,USA,2025-08-08,Active
C00562,Gina,Ballard,ihorton@example.com,1452647124,Valerieland,Michigan,USA,2024-11-08,Active
C00563,Clifford,Scott,hendrixbrian@example.com,2080056409,East Dana,New York,USA,2024-01-17,Active
C00564,Jeffery,Reed,carolberry@example.com,8270908144,North Tyler,Rhode Island,USA,2023-12-19,Active
C00565,Christie,Rogers,jmcfarland@example.com,1815352373,South Lisashire,Connecticut,USA,2026-01-16,Active
C00566,Christopher,Pena,psherman@example.org,5273466661,West Annafurt,Maryland,USA,2024-12-28,Active
C00567,Kristie,Mitchell,rosebobby@example.org,9982508004,Port Marciachester,West Virginia,USA,2025-01-09,Active
C00568,Melinda,Hicks,lozanocorey@example.org,5137399006,East Donnamouth,Idaho,USA,2026-06-17,Active
C00569,Margaret,Watson,jwilliams@example.net,9469434606,Port Kimberly,Kentucky,USA,2025-04-19,Active
C00570,Courtney,Foster,sanderson@example.org,1127128524,Justinshire,Kentucky,USA,2023-10-28,Active
C00571,David,Carson,stephaniepeters@example.com,2807711306,South Christina,New Hampshire,USA,2025-09-18,Active
C00572,Scott,Hammond,kaylahardy@example.org,2542573066,East Jackborough,Michigan,USA,2025-06-22,Active
C00573,Scott,Savage,bridgescarolyn@example.com,2850116880,Benjaminville,Utah,USA,2024-03-14,Active
C00574,Patrick,Hart,hmack@example.org,9810796496,Michaelmouth,New Mexico,USA,2026-04-04,Active
C00575,Eric,Herrera,jeffrey42@example.com,2506420768,Jaredfurt,Nebraska,USA,2026-02-24,Active
C00576,Steven,Chavez,vford@example.com,2833339395,Dawnborough,Montana,USA,2023-12-03,Active
C00577,Daniel,Pearson,rebecca96@example.org,3582686270,West Tonya,Utah,USA,2025-03-10,Active
C00578,Eric,Morales,edwardstewart@example.org,7599801110,West Sarahstad,Illinois,USA,2025-09-23,Active
C00579,Susan,Parker,coxregina@example.net,7524418222,Mooreside,South Dakota,USA,2024-11-27,Active
C00580,Tonya,Vaughn,theresabeck@example.org,1026767209,South Patricia,New York,USA,2026-05-04,Active
C00581,Ashley,Blackwell,tannercasey@example.org,6213541597,Freystad,Kentucky,USA,2024-01-28,Active
C00582,Juan,Meyer,burnsrebecca@example.org,4476504715,Lake Ashleyport,Missouri,USA,2024-02-05,Active
C00583,Theodore,Price,heidi55@example.net,6525483744,Michelleville,Alaska,USA,2025-12-06,Active
C00584,Linda,Rodriguez,thompsoncalvin@example.net,1100591297,North Janetborough,West Virginia,USA,2026-04-12,Active
C00585,Jacob,Higgins,smithlatasha@example.org,0165837379,South Jacksontown,Colorado,USA,2024-01-10,Active
C00586,James,Thomas,hollywarner@example.org,2532694968,Madisonbury,North Dakota,USA,2023-07-09,Active
C00587,Pamela,Sutton,karen10@example.org,5096170159,Jessicamouth,New Hampshire,USA,2024-07-28,Active
C00588,Lisa,Wood,kathryn58@example.net,3920567756,East Joann,Missouri,USA,2024-10-03,Inactive
C00589,Angel,Taylor,patrick26@example.com,6229231067,North Tyler,Hawaii,USA,2024-05-29,Active
C00590,Stephanie,Dunn,jameslawson@example.com,6270511579,Larachester,New York,USA,2023-07-16,Inactive
C00591,Kyle,Moore,gabriella69@example.org,8455259710,East Shirley,Vermont,USA,2024-03-13,Active
C00592,Monica,Edwards,jbuchanan@example.com,3259399337,Williamville,Missouri,USA,2025-10-01,Active
C00593,Cindy,Miller,uford@example.com,7634250733,Hoffmanview,Massachusetts,USA,2024-12-14,Active
C00594,Lee,Ware,madisonbrewer@example.net,4038843660,West Anthony,Tennessee,USA,2025-06-06,Active
C00595,Robert,Richardson,seanreyes@example.org,5147439742,North Brianmouth,Oklahoma,USA,2024-12-05,Active
C00596,Donald,Decker,opierce@example.com,6259045990,Brownland,Florida,USA,2023-12-15,Active
C00597,Alexandra,Bentley,christopherward@example.com,1651768086,Port Jaredburgh,Delaware,USA,2025-10-14,Active
C00598,Misty,Perez,newmanangela@example.org,7003322855,Travischester,Oklahoma,USA,2023-09-14,Active
C00599,James,Johnson,brandismith@example.net,9582632809,Williamburgh,Illinois,USA,2025-10-05,Active
C00600,Jonathan,Gonzalez,philip47@example.org,9863210613,New Lisa,Mississippi,USA,2024-11-21,Inactive
C00601,Deborah,Hall,jay04@example.org,2537657692,Laurabury,California,USA,2025-05-07,Active
C00602,Nicole,Farrell,vincentstacey@example.org,7692105336,Valdezport,Wyoming,USA,2023-08-09,Active
C00603,David,Thomas,zconrad@example.org,0720113798,Brownberg,Indiana,USA,2023-09-11,Active
C00604,Erica,Johnson,dreynolds@example.com,0901447340,Patrickton,Oregon,USA,2026-01-02,Active
C00605,Ryan,Crane,tconner@example.net,4519577825,West Jill,Minnesota,USA,2024-09-20,Active
C00606,Betty,Watson,katrina27@example.net,5619425577,Williamberg,Rhode Island,USA,2024-07-10,Active
C00607,Cynthia,Garner,tiffanysparks@example.net,1618808190,Lake Jenna,Michigan,USA,2024-12-19,Active
C00608,Mark,Copeland,amy68@example.net,3956137230,North Heather,Maryland,USA,2024-03-23,Active
C00609,Richard,Bryan,lynnjames@example.org,4132114716,Matthewstad,Indiana,USA,2024-05-29,Active
C00610,Christine,Gillespie,sheltontiffany@example.com,5047681699,Johnsonfort,Wisconsin,USA,2026-03-20,Active
C00611,Thomas,Stephens,sanchezmaria@example.net,7653970548,Davisberg,Pennsylvania,USA,2026-02-01,Active
C00612,Kimberly,Walls,ljones@example.com,9680491872,West Carolynchester,Delaware,USA,2025-07-23,Active
C00613,Tanya,Jones,atucker@example.com,6042359737,East Joy,Rhode Island,USA,2025-03-09,Active
C00614,Samuel,Richardson,hsmith@example.net,8167046861,Thomashaven,Kansas,USA,2026-03-21,Inactive
C00615,Nancy,Martinez,christopherlopez@example.org,8584712961,East Kevin,West Virginia,USA,2025-08-08,Active
C00616,Alex,Brown,rodriguezelizabeth@example.net,4253733777,Transide,California,USA,2023-12-09,Active
C00617,David,Hicks,woodsveronica@example.org,3653460605,Peterbury,West Virginia,USA,2026-03-22,Active
C00618,Timothy,Avery,wlucas@example.net,3984716906,Port Darlene,Mississippi,USA,2024-05-01,Inactive
C00619,Juan,Santos,kevin89@example.com,7876989992,Hesterside,North Dakota,USA,2025-05-07,Inactive
C00620,Bryan,Soto,nancy98@example.org,5393543586,Santiagoborough,Wyoming,USA,2025-05-03,Active
C00621,Kristin,Pham,james58@example.net,3798214339,Johnfort,Virginia,USA,2024-04-23,Active
C00622,Ashley,Medina,jonathanjones@example.org,8601347789,Gonzalezton,Nevada,USA,2025-05-20,Active
C00623,Tracy,Rodriguez,hhughes@example.org,1500141884,North Patricia,Oregon,USA,2023-09-05,Active
C00624,Daniel,Davila,justin33@example.org,8532089532,East Christopherview,New York,USA,2023-11-15,Active
C00625,John,Russell,stephenmartin@example.org,4103469967,South Jennifermouth,Georgia,USA,2025-09-19,Active
C00626,Patrick,Gilbert,wjohnson@example.com,7685507896,Drewland,Rhode Island,USA,2026-01-04,Active
C00627,Felicia,Jackson,uclark@example.com,4343697093,Armstrongstad,Missouri,USA,2023-07-24,Active
C00628,Samuel,Griffin,qdavis@example.com,4547223989,Diazbury,Colorado,USA,2025-08-14,Active
C00629,Erik,Gilbert,wrightalicia@example.com,2426423642,New Brettburgh,Maine,USA,2025-02-21,Active
C00630,Sheri,Jacobson,andreali@example.net,1142817852,Port Alan,Hawaii,USA,2025-10-18,Active
C00631,William,Smith,longgary@example.com,2395947372,North Tonyaberg,Alabama,USA,2024-05-11,Active
C00632,Allison,Burns,upierce@example.com,8599648628,North Carol,Mississippi,USA,2026-01-09,Active
C00633,Darrell,Strong,xbennett@example.org,7303627924,East Rebeccaview,New York,USA,2024-09-11,Active
C00634,Jennifer,Watson,stevenperry@example.org,2145057661,Williamsfort,California,USA,2024-07-22,Active
C00635,James,Weeks,alexgarcia@example.net,0083850765,Justinton,North Dakota,USA,2025-04-03,Active
C00636,Nicole,Blake,cgallagher@example.net,2657422319,North Bradley,Alabama,USA,2026-05-12,Active
C00637,James,Hudson,jlloyd@example.com,3012047137,Lake Stevemouth,South Carolina,USA,2025-09-06,Active
C00638,Nathan,Harrison,barbara85@example.net,8298493306,Victorfurt,Arkansas,USA,2026-05-10,Active
C00639,Kevin,Roy,hollowayangela@example.org,7218856669,East Cindy,Texas,USA,2023-09-12,Active
C00640,Lee,Small,bsullivan@example.org,7055143776,Atkinsonport,Kansas,USA,2025-05-01,Active
C00641,Frederick,Moore,brittney11@example.org,0286712007,Tonyastad,Utah,USA,2025-07-22,Active
C00642,Margaret,Howard,williamspatricia@example.com,0910903267,Christinahaven,California,USA,2025-12-29,Active
C00643,Justin,Brown,eric81@example.com,4065277584,Port Tracey,Maryland,USA,2025-07-01,Active
C00644,Jason,Murray,benjaminbrown@example.org,1722145593,Lake Elizabethside,Washington,USA,2025-04-06,Active
C00645,Sharon,Clark,xdouglas@example.org,3510046277,Port Mark,Virginia,USA,2024-10-06,Active
C00646,Leroy,Sexton,adrianlogan@example.com,1752023897,Johnsontown,South Dakota,USA,2024-07-31,Active
C00647,Matthew,Mendez,aaron78@example.org,2584868999,Maynardshire,Oklahoma,USA,2024-05-15,Active
C00648,Wendy,Bryant,marvin69@example.net,7679935937,Lake Rebecca,Kentucky,USA,2024-09-06,Active
C00649,Adam,Perez,stephaniecole@example.com,6014886084,New Donna,Maine,USA,2025-11-02,Active
C00650,Melissa,Frost,vcastro@example.org,0615370124,Martinchester,Indiana,USA,2025-09-08,Active
C00651,Michael,Hubbard,kyle88@example.net,1210314217,Dixonfort,Texas,USA,2025-05-05,Inactive
C00652,Kristen,Kelly,gomezpaul@example.org,0911225288,West Melissachester,Connecticut,USA,2025-12-02,Active
C00653,Kimberly,Powell,jameswalsh@example.net,3787655300,Andrestad,Tennessee,USA,2024-07-07,Active
C00654,Kara,Smith,michelle12@example.org,9277885190,Carterville,Arkansas,USA,2026-04-26,Active
C00655,Elizabeth,Murillo,lisa24@example.com,1851744600,Port Derrickhaven,Rhode Island,USA,2025-04-19,Active
C00656,Craig,Wilson,katrina51@example.org,9130448818,Craigfurt,Wisconsin,USA,2026-04-17,Active
C00657,Larry,Humphrey,barrettjoseph@example.org,1190170756,New Sheila,Kansas,USA,2023-09-29,Inactive
C00658,Gary,Wong,mccoyandre@example.org,2836084937,Clarkfurt,Illinois,USA,2025-12-22,Active
C00659,Kelly,Taylor,sbartlett@example.com,9164970169,Port Danielle,Delaware,USA,2026-05-27,Active
C00660,John,Dawson,whitneymcgee@example.net,6234190310,South Drew,Washington,USA,2025-06-11,Active
C00661,David,Wood,hgray@example.net,7323653377,Aaronmouth,Hawaii,USA,2023-09-07,Active
C00662,Pamela,Brown,nwarren@example.com,4244260781,Dawnmouth,Illinois,USA,2025-07-25,Active
C00663,Joshua,Woods,enelson@example.org,2037638821,Hannahview,Texas,USA,2025-01-18,Inactive
C00664,Kyle,Powell,bradleynicole@example.org,4389982780,Bradleytown,New Mexico,USA,2024-01-29,Inactive
C00665,Daniel,Torres,zking@example.com,6999516793,Michaelbury,Ohio,USA,2024-07-01,Active
C00666,Jeremy,Bernard,norrisdakota@example.org,6037681187,West Collin,Kentucky,USA,2023-07-14,Active
C00667,Briana,Martinez,dawn73@example.org,3911498307,Port Tracyborough,Nebraska,USA,2026-02-28,Active
C00668,Craig,Gordon,sandyramirez@example.com,5782019043,Lake Harryborough,Illinois,USA,2023-11-24,Active
C00669,Steven,Stanley,christinejohnson@example.net,5462127602,Lake Megan,Nebraska,USA,2023-10-28,Inactive
C00670,Kathy,Lewis,roberthamilton@example.net,4888995729,Colemanmouth,Louisiana,USA,2024-06-12,Active
C00671,Catherine,Howe,gonzalezkenneth@example.net,1912038187,New Hectorbury,Florida,USA,2024-03-21,Active
C00672,Brent,Garrison,allenandrea@example.com,4458220673,New Scott,Nevada,USA,2025-08-30,Inactive
C00673,Amy,Rojas,steven45@example.org,0000152911,Bowersside,Tennessee,USA,2024-08-12,Active
C00674,Kristin,Goodman,ballvanessa@example.com,1844421829,Travisland,Georgia,USA,2024-01-10,Active
C00675,Kathryn,Mason,edwardstaylor@example.net,7009004365,Alyssafurt,Missouri,USA,2025-03-10,Active
C00676,Joe,Hernandez,william55@example.net,5429608070,Guzmanside,New Jersey,USA,2025-05-09,Active
C00677,Kristin,Smith,davidbrown@example.org,6481880442,New James,Virginia,USA,2025-10-16,Inactive
C00678,Allison,Brown,john12@example.net,9428946420,Jenniferhaven,Nevada,USA,2024-02-21,Active
C00679,Kyle,Osborne,murraybilly@example.com,6255402635,Jamestown,Texas,USA,2023-10-02,Active
C00680,Nicholas,Jenkins,michelle89@example.net,3153888245,Lake Haleyton,Maine,USA,2025-07-23,Active
C00681,Brian,Farrell,jamesrobinson@example.com,8495163211,Griffithville,Ohio,USA,2023-08-23,Inactive
C00682,Theresa,Allen,mccoyjames@example.org,6530601198,South Susanchester,Wyoming,USA,2025-02-26,Active
C00683,Michelle,Snow,buckjason@example.org,9156182980,Walshfort,Kentucky,USA,2025-09-08,Inactive
C00684,Mackenzie,Carlson,nrangel@example.net,6595201491,Danielport,Iowa,USA,2024-03-11,Active
C00685,Alyssa,Cooper,williskatherine@example.com,2239982137,Jonesview,Arizona,USA,2025-08-02,Active
C00686,Meredith,Carter,cshepard@example.com,5376660811,East Nancyton,North Dakota,USA,2026-02-25,Active
C00687,Michael,Sanders,meyerskathryn@example.com,7153123455,South Ashley,New York,USA,2025-05-18,Active
C00688,Todd,Hines,christineriggs@example.com,0134808735,South Brandon,Iowa,USA,2025-06-08,Active
C00689,Christina,Martinez,estradashannon@example.net,9085991449,Brandiburgh,Montana,USA,2025-10-07,Active
C00690,Jasmin,Hanson,kwang@example.com,8997184285,East Mark,Connecticut,USA,2024-05-19,Active
C00691,Kelsey,Clay,stephaniezamora@example.org,3426698069,South Danielle,New Jersey,USA,2025-10-16,Active
C00692,Teresa,Johnson,nthompson@example.com,8935953828,Susanville,Georgia,USA,2026-03-16,Active
C00693,Ashley,Hamilton,dunnmelinda@example.org,9582641869,Port Jayside,New Mexico,USA,2025-12-04,Active
C00694,Corey,Rivas,katieaguirre@example.com,1434682394,Port Susanfort,Wisconsin,USA,2024-03-03,Active
C00695,Adam,Phelps,yburke@example.org,1683113950,New Deborahland,Maine,USA,2025-05-22,Active
C00696,Charles,Rojas,chavezkim@example.net,9762053440,Peterton,Virginia,USA,2026-04-30,Active
C00697,Nicole,Barber,mpowers@example.org,0817760299,Zunigaside,Kentucky,USA,2023-09-13,Active
C00698,James,Harris,christopheranderson@example.com,2356178170,New Frankfurt,Delaware,USA,2024-02-26,Active
C00699,Robert,Bryan,david78@example.net,6133718444,Brandonfurt,Maine,USA,2025-01-11,Active
C00700,Teresa,Davis,justin03@example.com,4167812778,Port Evanland,New York,USA,2026-03-08,Active
C00701,Brianna,Wilcox,fullerjose@example.com,9857973638,New Erin,Massachusetts,USA,2024-09-21,Active
C00702,Matthew,Armstrong,bmoyer@example.com,6177067368,South Amberland,Texas,USA,2026-01-08,Active
C00703,Henry,Soto,emily16@example.net,0587146921,West Ashley,New Jersey,USA,2025-10-06,Active
C00704,Stephanie,Grant,joe99@example.net,8022050938,Deborahport,Rhode Island,USA,2024-07-06,Inactive
C00705,Jill,Hunt,hollandjustin@example.com,0715238676,North Sarah,New Hampshire,USA,2024-04-28,Active
C00706,Kimberly,Stuart,ballelizabeth@example.com,9876829968,Zacharyborough,New York,USA,2026-06-25,Active
C00707,Benjamin,Schneider,erin06@example.net,3504056695,Lake Davidview,Ohio,USA,2024-01-10,Active
C00708,Julie,Phelps,john86@example.com,3259423289,New Susan,Oregon,USA,2026-04-21,Active
C00709,Matthew,Martin,cohensabrina@example.org,7256292693,Curtishaven,Connecticut,USA,2025-03-06,Inactive
C00710,Peter,Diaz,ystone@example.net,0957443034,Port Danielfort,Rhode Island,USA,2024-12-13,Active
C00711,Brandon,Boyd,brandi40@example.org,3641547155,West Christine,Indiana,USA,2025-12-14,Active
C00712,Thomas,Singleton,allenronald@example.com,0942141052,Lake Brittanyfort,Oklahoma,USA,2023-09-05,Active
C00713,Jessica,Anderson,xsmith@example.org,8885622586,Sparksmouth,Ohio,USA,2024-10-28,Active
C00714,Kenneth,Jackson,gmccarthy@example.com,8596559428,North Lisachester,Michigan,USA,2023-07-29,Active
C00715,Sarah,Smith,williamslaurie@example.com,9313215513,Johnsonborough,South Dakota,USA,2025-05-25,Active
C00716,Angela,White,campbelljustin@example.net,6997273677,East Michaelhaven,West Virginia,USA,2025-08-11,Active
C00717,Samantha,Roberts,foxlinda@example.org,2312392049,North Aprilchester,Kentucky,USA,2024-12-19,Active
C00718,James,Tran,andrew27@example.com,7225775458,Mooreshire,Arizona,USA,2024-06-22,Inactive
C00719,Christine,Dixon,qreyes@example.net,1608271721,Cobbborough,Oregon,USA,2025-06-19,Inactive
C00720,Tammy,Frye,nguyengerald@example.net,6216591438,West Denise,Vermont,USA,2026-05-23,Active
C00721,Kristina,Foley,lukecase@example.com,1777326430,Beckyfort,South Carolina,USA,2025-08-24,Active
C00722,Darren,Barry,ksmith@example.org,1205397871,New Stephanie,North Dakota,USA,2024-03-24,Active
C00723,Edward,Burnett,taylormichael@example.net,8320048797,Baileyborough,Vermont,USA,2025-09-20,Active
C00724,Janet,Watson,jack86@example.org,3044361995,Maryburgh,Indiana,USA,2026-02-11,Active
C00725,Ashley,Mcfarland,johnsonedward@example.net,9501437483,New Robertfort,Colorado,USA,2024-02-17,Active
C00726,Brittney,Davis,thomasbrandon@example.org,1321767201,South Richardberg,Idaho,USA,2023-08-16,Active
C00727,Christina,Johnson,jenniferstanley@example.net,3393049366,Lake Haroldport,Wyoming,USA,2025-01-23,Active
C00728,Edward,Glover,craigmitchell@example.net,8250952294,Lake Melanie,Minnesota,USA,2025-08-30,Active
C00729,Mary,Jones,trujillojason@example.net,2970137124,Amberfurt,Maryland,USA,2025-10-14,Active
C00730,David,Mathis,shelly20@example.org,0615927387,South Jenniferland,Nevada,USA,2024-10-11,Active
C00731,Brittany,Gutierrez,davidcampbell@example.net,5542034030,Rebeccafurt,New York,USA,2025-03-11,Active
C00732,Kayla,Hayes,torozco@example.net,5795546234,Steventown,Delaware,USA,2023-08-19,Inactive
C00733,Brian,Wilson,williamsanthony@example.net,8317641726,New Connorstad,New Hampshire,USA,2023-10-27,Active
C00734,Brittany,Oneill,mccannjanet@example.com,3806713073,Michaelhaven,Louisiana,USA,2024-12-22,Active
C00735,James,Morales,padillaangel@example.net,2588576694,New Adamborough,Texas,USA,2025-11-28,Active
C00736,Kimberly,Lawson,lynncalhoun@example.com,6662159183,North Tinafurt,Nebraska,USA,2024-10-10,Active
C00737,Lance,Rivera,fischerlaura@example.org,9771400493,Audreymouth,Kansas,USA,2025-07-02,Active
C00738,Jasmine,Stewart,bobbybishop@example.net,9497698731,Jenningschester,Missouri,USA,2025-04-22,Active
C00739,Kara,Garcia,jmoses@example.org,4077943325,Brandiville,South Carolina,USA,2024-11-01,Active
C00740,Alexis,Dawson,frederick62@example.org,7087821160,Port Sarahside,Colorado,USA,2024-03-15,Active
C00741,Gabrielle,Potter,hlester@example.org,0889480186,East Katherine,New Hampshire,USA,2026-05-04,Active
C00742,Nicole,Boyd,ashleyalexander@example.net,7082004806,Port Meganborough,Missouri,USA,2025-03-10,Active
C00743,Kevin,Powell,villawilliam@example.com,2968827697,Jeromeville,Kentucky,USA,2026-03-19,Active
C00744,Christopher,Carpenter,gomezbradley@example.net,2748835651,West Danielle,Rhode Island,USA,2026-04-12,Active
C00745,Jacqueline,Campbell,preyes@example.net,9604784217,Curtisberg,Hawaii,USA,2026-06-11,Active
C00746,Michael,Wolf,ihill@example.org,8934868839,Randallberg,Wisconsin,USA,2025-01-29,Active
C00747,Carolyn,Jones,hansonbryan@example.com,3193592361,Klinemouth,Idaho,USA,2026-06-11,Active
C00748,Bradley,Scott,moraleskimberly@example.net,2544724191,Lake Keith,Alaska,USA,2025-11-11,Active
C00749,Robert,Bruce,ecampos@example.net,8249898088,North Joseph,New Hampshire,USA,2024-04-23,Active
C00750,Zachary,Carney,marydean@example.com,4869893969,Bradleyland,Massachusetts,USA,2024-07-08,Active
C00751,Jose,Edwards,rodriguezchristina@example.net,0753605117,Port Caitlin,Wisconsin,USA,2025-10-24,Active
C00752,Lindsey,Clark,john21@example.net,5590670009,Alyssashire,Kentucky,USA,2024-01-14,Active
C00753,Kelly,Bennett,rfleming@example.net,6760564204,Avilamouth,Ohio,USA,2026-03-06,Active
C00754,Ashley,Patton,kayla33@example.net,6235466226,South Cynthiastad,Iowa,USA,2026-04-11,Inactive
C00755,Albert,Frederick,lmartin@example.org,2427677462,Johnsonland,Idaho,USA,2024-05-04,Active
C00756,Tonya,Davis,amanda86@example.org,8017986778,New Caitlin,Minnesota,USA,2024-10-30,Active
C00757,Kristen,Smith,sean64@example.org,1212038437,Heatherfurt,Wisconsin,USA,2025-02-04,Active
C00758,Steven,Bell,miguelbaker@example.net,4218385454,Kevinstad,Maine,USA,2025-06-15,Active
C00759,Matthew,Thomas,meganjones@example.org,2748979177,Deannaburgh,New York,USA,2024-01-04,Active
C00760,James,Wall,ecohen@example.com,0801963045,West Jennifer,North Carolina,USA,2025-12-27,Active
C00761,Joseph,English,melanie40@example.org,8167784816,Jonathanstad,Kentucky,USA,2024-04-14,Active
C00762,Brian,Schmidt,haley79@example.net,7810539128,Morganfurt,South Carolina,USA,2025-03-15,Active
C00763,Ronald,Willis,nicoleduran@example.net,4579271472,Port Christopherside,West Virginia,USA,2026-05-23,Active
C00764,Jennifer,Thompson,rebeccadecker@example.net,9728339121,Moraburgh,Oregon,USA,2024-02-17,Active
C00765,Gerald,Camacho,josephangela@example.org,2101023200,Hamiltonville,Arizona,USA,2026-03-25,Active
C00766,William,Welch,hespinoza@example.org,4356140384,Port Timothychester,Wisconsin,USA,2025-10-19,Active
C00767,Andrea,Taylor,kyle95@example.net,0030762054,Flowersmouth,Alaska,USA,2026-03-17,Active
C00768,Brandon,Reynolds,fhenderson@example.org,6541134078,Kelseyfort,Arizona,USA,2025-01-24,Active
C00769,Alexis,Mejia,russellkelley@example.com,6899962697,Granthaven,South Dakota,USA,2025-03-13,Active
C00770,Thomas,Cooley,eharrington@example.com,5962571976,North Sherry,Florida,USA,2024-10-17,Active
C00771,Jacqueline,Mcneil,osweeney@example.net,6041809521,Teresaville,New Jersey,USA,2024-12-16,Active
C00772,Kelly,Davis,tracycruz@example.org,1882419962,East Carrie,New Mexico,USA,2024-07-02,Active
C00773,Briana,Cole,jennifer54@example.org,8545705682,Port Molly,New York,USA,2025-12-28,Active
C00774,Jennifer,Smith,brownreginald@example.net,6407232472,Paigeview,Alabama,USA,2023-09-04,Active
C00775,Todd,Pearson,eugenegreen@example.com,1261685071,North Darrenstad,Alabama,USA,2025-05-01,Active
C00776,Megan,Blackwell,zavaladiane@example.com,6105370923,Port Russellmouth,Utah,USA,2023-07-18,Active
C00777,Susan,Scott,wileyaudrey@example.com,4329876989,New Jonathan,New Mexico,USA,2025-10-18,Active
C00778,Robert,Oconnor,tiffanyharris@example.com,3104502589,South Patriciaborough,Washington,USA,2024-07-30,Active
C00779,Jonathan,Gallagher,matthewhull@example.com,6486067398,New Kevin,Idaho,USA,2024-06-14,Inactive
C00780,Jeremy,Morse,richard28@example.org,5077406579,Susanburgh,Indiana,USA,2025-03-11,Active
C00781,Jessica,Smith,fernandezmathew@example.com,0740913111,New Valerietown,Georgia,USA,2024-06-26,Inactive
C00782,Kenneth,Dunlap,sbrown@example.org,0695354120,Santanashire,Minnesota,USA,2026-02-11,Active
C00783,Brian,Moore,smalone@example.org,5153259479,Bradleyfort,Connecticut,USA,2025-10-17,Active
C00784,Janet,Richard,dlarson@example.com,0310064934,North Joshuaberg,Arizona,USA,2026-02-18,Active
C00785,Ross,Hunter,caleb84@example.net,3599285535,West Paulton,Arkansas,USA,2024-09-20,Active
C00786,Tommy,Shepard,schneiderraymond@example.com,1867740378,New Melanie,Maryland,USA,2025-03-29,Active
C00787,Sylvia,Brooks,andrewlong@example.com,2550325017,Davidfurt,Idaho,USA,2024-05-10,Active
C00788,Stephen,Scott,burtondoris@example.net,3345110090,North Dana,Ohio,USA,2025-03-02,Active
C00789,Robert,King,hernandezrebecca@example.org,6732904575,Morrisshire,Idaho,USA,2023-10-06,Active
C00790,Brittney,Watkins,zcollins@example.org,3620275582,Wuberg,Alabama,USA,2026-03-22,Active
C00791,Danny,Owen,jeremiahwalton@example.org,3621921581,Lake Michaelville,Nevada,USA,2023-10-26,Active
C00792,Daniel,Kim,martin81@example.net,9772168800,North Amy,Missouri,USA,2025-04-29,Active
C00793,Eric,Kerr,znolan@example.net,5401822720,New Kelly,Florida,USA,2025-05-17,Active
C00794,Mary,Perez,briandavis@example.com,4328116599,East Barryborough,Arkansas,USA,2024-04-30,Active
C00795,Jennifer,Hernandez,davidgonzales@example.com,1353028165,Gonzalezton,Minnesota,USA,2025-08-23,Active
C00796,Brooke,Donovan,wbryant@example.com,9832102916,Grimeston,Hawaii,USA,2025-03-30,Active
C00797,Stephanie,Robinson,bakermegan@example.net,1966229131,West Richardstad,Nebraska,USA,2026-01-09,Active
C00798,Rebecca,Stevens,reyesjackie@example.org,9865504944,Myersborough,Utah,USA,2024-06-01,Active
C00799,Kayla,Love,tcooper@example.net,2732262611,Port Robert,Florida,USA,2026-04-04,Active
C00800,Joanne,Everett,joseph21@example.net,8799196234,Bakerborough,Oklahoma,USA,2024-07-07,Active
C00801,John,Anderson,stacey25@example.net,5833343031,Sullivanstad,Washington,USA,2024-04-19,Active
C00802,Michelle,Osborne,khendricks@example.net,7576945353,Ritterview,Montana,USA,2024-08-28,Inactive
C00803,Jessica,Frank,erivers@example.com,4212545080,Williammouth,Idaho,USA,2025-10-12,Active
C00804,Caitlin,Morris,barbara64@example.com,1307423591,Port Justinview,Tennessee,USA,2025-02-17,Active
C00805,James,Sparks,shelleyvelasquez@example.com,4307963731,South Shelbystad,Hawaii,USA,2023-12-04,Active
C00806,David,Richardson,jdavis@example.com,2354268744,Leeburgh,Tennessee,USA,2026-04-20,Active
C00807,Erica,Holt,vhogan@example.org,7772966563,West Rhondaton,Wisconsin,USA,2025-05-21,Active
C00808,Michael,Hernandez,erandolph@example.org,5800027221,Batesborough,Delaware,USA,2024-10-10,Active
C00809,Cassandra,Perez,hammondjeff@example.com,7203136955,Lake Anthony,Tennessee,USA,2024-01-22,Active
C00810,Jessica,Chase,mauriceball@example.net,3322273938,West Michaelfort,Vermont,USA,2025-07-31,Active
C00811,Patricia,Decker,jeremiah36@example.com,8507610870,Frenchville,Wisconsin,USA,2025-01-06,Active
C00812,Eric,Nash,ajohnson@example.com,2615838821,Kimberlyfort,Illinois,USA,2024-06-21,Active
C00813,Karen,Anderson,tinabrandt@example.net,2280194425,East Jessica,Minnesota,USA,2024-09-17,Active
C00814,Nicholas,Nicholson,jason06@example.org,3118046741,Jermaineside,Maryland,USA,2025-10-25,Active
C00815,Denise,Nguyen,beasleycharles@example.com,6084639756,Williamsmouth,Kentucky,USA,2025-03-16,Active
C00816,Lauren,Zuniga,richardsonronnie@example.net,1195564091,New Manuel,Oklahoma,USA,2024-12-27,Active
C00817,Linda,Brown,shepherdandrew@example.org,2019712124,Port Jennifer,South Carolina,USA,2024-09-16,Inactive
C00818,Amanda,Holland,hjohnson@example.com,1267731922,Haleyshire,North Dakota,USA,2025-02-07,Active
C00819,Thomas,Stephens,john39@example.net,3191654308,North Duane,Hawaii,USA,2023-11-11,Active
C00820,Chad,Wilkinson,tom64@example.com,4700026876,Crawfordport,Oregon,USA,2024-11-03,Active
C00821,Shannon,Collins,barnesjames@example.com,0450063553,Proctorshire,Nevada,USA,2025-05-07,Inactive
C00822,Sydney,Alexander,andradeariana@example.com,9635305970,East Allisonmouth,Nebraska,USA,2025-07-10,Active
C00823,Ronald,Young,castanedachristina@example.net,9654663454,Kristenport,South Carolina,USA,2023-11-11,Active
C00824,Ashley,Munoz,karensanchez@example.net,4974394640,East Brandon,Michigan,USA,2024-12-31,Active
C00825,David,Sharp,vanessacaldwell@example.net,1321097202,Murphyhaven,Minnesota,USA,2024-01-29,Active
C00826,Crystal,Mueller,matthew92@example.org,3004496461,Port Anthonystad,Connecticut,USA,2023-11-28,Active
C00827,Danny,Gross,zcook@example.com,3595708619,Janiceside,Maryland,USA,2024-01-25,Active
C00828,Heather,Sanders,christopherwalker@example.net,0342362203,Isaacchester,Indiana,USA,2025-06-20,Inactive
C00829,Andrew,Hall,aklein@example.net,8008529469,Kimport,California,USA,2024-11-23,Inactive
C00830,Jacob,Johnson,mckenziebrown@example.org,0228946652,East Dennis,Georgia,USA,2025-05-15,Inactive
C00831,Jesus,Taylor,markberry@example.org,3030334677,Diaztown,New Hampshire,USA,2026-01-25,Active
C00832,Douglas,Mendoza,karen53@example.net,2453012398,North Jay,Virginia,USA,2026-04-03,Active
C00833,Laura,Williams,stephen90@example.org,2224050764,Mayfort,Massachusetts,USA,2025-12-22,Active
C00834,Robert,Dean,sarawilliams@example.com,8727258122,Paulside,Maine,USA,2025-08-21,Active
C00835,Robin,Hardy,staceywashington@example.net,7912121101,East Heidiside,Nebraska,USA,2025-12-02,Active
C00836,Julia,Williams,gibsonbrandon@example.com,0392519994,Jillville,New York,USA,2023-10-21,Active
C00837,Gregory,Whitehead,pgoodman@example.org,2205422162,Hornborough,Illinois,USA,2025-09-20,Inactive
C00838,Aaron,Ryan,jamesroberts@example.com,0488789950,North Michelle,South Carolina,USA,2025-07-19,Active
C00839,Katie,Cohen,salazarnancy@example.org,7492663295,South Samantha,New Mexico,USA,2024-06-15,Active
C00840,George,Barr,andresmiller@example.com,8129205922,West Sandrachester,Indiana,USA,2023-08-17,Inactive
C00841,Brittany,Stewart,phall@example.com,6294206615,Lake Elizabethmouth,Connecticut,USA,2024-01-31,Inactive
C00842,Jennifer,Walker,williamsaudrey@example.org,1122121548,Port Ryan,Nebraska,USA,2025-02-08,Active
C00843,Victoria,Evans,garciabrandi@example.net,4880644200,Ramoshaven,New Mexico,USA,2024-03-26,Inactive
C00844,Lee,Murphy,slittle@example.com,1962342192,East Isaacport,Vermont,USA,2023-09-10,Active
C00845,Justin,Carr,laurarodriguez@example.net,8911797269,Barbarahaven,Connecticut,USA,2025-06-15,Active
C00846,Willie,Gonzalez,brownnancy@example.com,0200053285,Port Cole,Massachusetts,USA,2025-05-24,Active
C00847,Mark,White,olivianolan@example.net,5826929900,Martinmouth,Wisconsin,USA,2024-10-22,Active
C00848,John,Perez,nicolemason@example.com,3761851862,South Andrea,Wyoming,USA,2023-10-29,Active
C00849,Teresa,Lee,jamesperez@example.net,1883527918,Cisnerosfort,New York,USA,2024-08-27,Active
C00850,Debra,Henderson,margaret20@example.net,4319279761,Tarachester,Pennsylvania,USA,2026-01-22,Active
C00851,Dawn,Weaver,michael72@example.net,2665686295,Shaneport,South Carolina,USA,2025-01-07,Active
C00852,Ariana,Farley,mark94@example.net,0742990747,Garzaport,California,USA,2025-10-16,Active
C00853,Audrey,Sanders,hartangela@example.net,4748599464,Danielmouth,Kansas,USA,2024-05-13,Active
C00854,Stephen,Acevedo,jamie98@example.net,6498044509,West Tammieville,Arizona,USA,2023-12-28,Active
C00855,Donald,Ellis,jross@example.net,0824845813,Port Elizabeth,Arizona,USA,2024-06-27,Active
C00856,Kevin,Briggs,christinedoyle@example.com,8563027500,Jenniferfurt,Connecticut,USA,2025-04-11,Active
C00857,Molly,Carlson,andredonaldson@example.com,4184937846,Sloantown,Tennessee,USA,2023-11-08,Active
C00858,Thomas,Perry,johnsoncrystal@example.org,5103444429,Hillmouth,Nevada,USA,2025-03-05,Inactive
C00859,Sarah,Cardenas,fred06@example.org,1559967256,New Alanbury,Indiana,USA,2026-04-18,Active
C00860,Deborah,Phillips,greenkyle@example.com,8455939652,West Adam,Colorado,USA,2026-05-29,Active
C00861,Karl,Chandler,craigmiles@example.net,0362211732,Bartonside,Tennessee,USA,2025-02-18,Active
C00862,John,Reed,jennifer58@example.com,2942525161,Christinamouth,California,USA,2023-08-30,Active
C00863,Sabrina,Rice,coxcarol@example.com,7447353524,Port Kristinemouth,Delaware,USA,2024-07-26,Active
C00864,Kevin,Shaffer,sgonzalez@example.net,0537880331,Port Kristinborough,Kansas,USA,2025-12-22,Active
C00865,Adriana,Burke,ronaldjohnson@example.com,8152787304,Gabriellemouth,Idaho,USA,2023-11-12,Active
C00866,Heather,Ortiz,saradaniel@example.com,1891567344,Ramosfurt,Hawaii,USA,2025-04-11,Active
C00867,Raymond,Frederick,jeffrey62@example.net,6645099990,Timothyshire,Alaska,USA,2025-02-03,Active
C00868,Jesus,Velazquez,frank18@example.net,8442464884,Samuelside,Mississippi,USA,2025-12-20,Active
C00869,Pamela,Murphy,karen28@example.net,9022179789,Lake Charlene,New Hampshire,USA,2026-03-12,Inactive
C00870,Steven,Howe,ruth45@example.org,3672868112,Karenside,Delaware,USA,2025-10-28,Active
C00871,Belinda,Lynch,fflowers@example.com,9009921779,New Michelle,Nevada,USA,2025-04-03,Active
C00872,Jeffrey,Mccormick,burtondiane@example.net,7053260119,East Susanside,Florida,USA,2026-01-21,Active
C00873,Traci,Parker,michael36@example.org,8581810450,Clarkland,Michigan,USA,2026-04-19,Active
C00874,Laura,Schmidt,nicholasmorales@example.com,3589693353,Amychester,Colorado,USA,2024-08-06,Active
C00875,Stephanie,Cole,christophercook@example.com,3979255116,Lake Dennishaven,Kansas,USA,2024-11-29,Active
C00876,Hunter,Johnson,amyfisher@example.net,6053428164,North Patriciamouth,Massachusetts,USA,2025-05-27,Active
C00877,Jamie,Nichols,robert40@example.com,0388027304,South Dennis,North Carolina,USA,2026-02-12,Active
C00878,Jose,Green,shawn89@example.org,3096906764,East William,Wisconsin,USA,2026-01-27,Active
C00879,Sheena,Hicks,monica51@example.net,5872717430,Port Danielfurt,Louisiana,USA,2025-10-29,Active
C00880,Kathy,Johnson,stacey98@example.net,8738775833,Coleview,Connecticut,USA,2024-03-12,Active
C00881,Alan,Smith,mcmahonmichael@example.net,0282625420,North Cheryl,Washington,USA,2025-06-16,Active
C00882,Shannon,Anderson,katherine10@example.org,9419324538,Kleinport,Connecticut,USA,2026-05-13,Inactive
C00883,Sandra,Thomas,amy70@example.net,2649632251,West Alexis,Vermont,USA,2025-06-08,Inactive
C00884,Jason,Barnes,fergusonchristy@example.org,4686163070,Bensonburgh,Arkansas,USA,2026-04-20,Active
C00885,Edward,Johnson,kimberly36@example.com,1953689005,Anthonyville,New York,USA,2024-03-24,Active
C00886,Matthew,Yates,johnsonsteven@example.net,1307221138,Wilkersonfurt,New York,USA,2023-12-05,Active
C00887,David,Brock,leslie46@example.org,1928170744,Port Jeremiah,Maryland,USA,2024-05-18,Active
C00888,Kristin,Barrera,michaeldavis@example.com,2523941209,Warefurt,South Carolina,USA,2023-07-26,Active
C00889,Emily,Fisher,leslie32@example.com,1794802455,South Benjaminville,Connecticut,USA,2025-03-23,Active
C00890,Daniel,Friedman,jacksonrussell@example.com,9864786862,North Vincentview,Maryland,USA,2024-11-12,Active
C00891,Andrew,Curry,jnicholson@example.org,9074992164,South Cathy,Washington,USA,2025-05-17,Active
C00892,Martha,Floyd,joshuaadams@example.com,7082139865,Lake Melissa,Hawaii,USA,2023-09-12,Active
C00893,Garrett,Paul,vparks@example.org,5503300008,Juliafurt,New Jersey,USA,2024-03-20,Active
C00894,Daniel,Smith,martinezdavid@example.org,9169232737,Singhton,Missouri,USA,2023-07-11,Active
C00895,Laura,Rogers,bendermichelle@example.net,7463000998,Wilsonville,Washington,USA,2026-01-02,Active
C00896,Stephanie,Miller,millschristopher@example.org,4582942034,West Kathryn,Louisiana,USA,2024-09-26,Inactive
C00897,Anthony,Morris,justin46@example.com,2010824028,Lake Jeffrey,New Hampshire,USA,2025-04-15,Active
C00898,Katie,Donaldson,susanmyers@example.org,8174527353,West Wendy,Alaska,USA,2023-07-11,Active
C00899,Christopher,Harvey,andrearivera@example.net,6125590461,East Brian,Nevada,USA,2024-09-21,Active
C00900,Brian,Anderson,alexandraellis@example.org,2329615120,South Jillchester,Wisconsin,USA,2024-06-22,Inactive
C00901,Stephanie,Ingram,larry04@example.net,2763460191,Victorborough,Washington,USA,2024-06-04,Active
C00902,Megan,Green,angela61@example.com,8225127267,Padillafurt,Minnesota,USA,2026-04-18,Active
C00903,Krista,Cisneros,joshuajones@example.net,6878494771,West Alexis,Nebraska,USA,2026-06-04,Active
C00904,Daniel,Dixon,jholder@example.org,5434046682,Krystalchester,Kentucky,USA,2025-04-24,Active
C00905,Karen,Martin,bailey20@example.com,4111973881,North Mercedes,Nevada,USA,2024-03-13,Inactive
C00906,Jeremiah,Byrd,vincent82@example.net,8849680664,North Hunterburgh,Mississippi,USA,2024-06-06,Inactive
C00907,Diana,Ramirez,johnjohnson@example.net,0498603721,East Frankborough,Connecticut,USA,2025-04-13,Active
C00908,Andrea,Vargas,millerlindsey@example.org,3471317197,Lake Katherineberg,Wisconsin,USA,2026-06-18,Active
C00909,Michael,Espinoza,bowenjonathan@example.net,7855011375,Lake David,New Mexico,USA,2026-04-08,Inactive
C00910,Angela,Lowe,amills@example.com,7903716160,Daughertyberg,Florida,USA,2026-03-07,Active
C00911,Erica,Koch,fking@example.org,7530768102,Kristenmouth,North Carolina,USA,2023-08-05,Active
C00912,Geoffrey,Scott,james23@example.com,2169069685,Smithmouth,Utah,USA,2025-07-19,Active
C00913,Carl,Harvey,sanchezmelissa@example.com,1501642610,West Brandon,Tennessee,USA,2025-01-24,Active
C00914,Jonathan,Casey,melinda19@example.net,9248481300,Port Alexisbury,Arizona,USA,2023-12-10,Active
C00915,Micheal,Jones,wcortez@example.net,4633953481,Port Davidview,New York,USA,2024-10-04,Active
C00916,Kayla,Moore,hfoley@example.com,3855128177,New Nathan,Oregon,USA,2024-12-28,Active
C00917,Corey,Cox,nicholasmcmillan@example.org,2360244654,North Michael,New Hampshire,USA,2023-10-21,Inactive
C00918,Steven,Brown,ymartinez@example.com,8370317543,Phillipsland,Maryland,USA,2025-01-03,Active
C00919,Mark,Stevens,patrickmartin@example.org,4686272884,Kingtown,New Hampshire,USA,2025-06-16,Active
C00920,Nicholas,Clark,tdougherty@example.org,3867625923,Lawsonchester,Texas,USA,2025-07-31,Active
C00921,Laura,Holmes,ogarza@example.org,5534050892,Harmonmouth,Rhode Island,USA,2026-01-22,Active
C00922,Roy,Scott,edwardserin@example.net,6707897755,New Janettown,Kansas,USA,2025-12-28,Active
C00923,Alison,Thomas,thomasdalton@example.net,7320222711,Simmonsville,New York,USA,2023-10-26,Active
C00924,Frank,Chan,christinadaniels@example.org,4869830521,New Melissa,Idaho,USA,2024-01-23,Active
C00925,Rachel,Burgess,davistiffany@example.com,6471068017,South Sandramouth,Wyoming,USA,2023-08-14,Active
C00926,Matthew,Smith,carterjames@example.org,7244693172,Wernerside,Alabama,USA,2025-02-12,Active
C00927,Susan,Johnson,uavila@example.com,2599851939,Port Trevor,Ohio,USA,2026-01-30,Active
C00928,Ernest,Armstrong,pwalker@example.org,9602667652,Michaelborough,Pennsylvania,USA,2024-12-19,Active
C00929,Cindy,Sims,andrew08@example.net,4067560208,New Brandon,Idaho,USA,2025-10-24,Active
C00930,Rebecca,Frank,nicole39@example.org,4890932253,East Johnland,Arizona,USA,2023-12-17,Active
C00931,Nicholas,Pearson,maurice01@example.net,5450369888,Port Kimberly,Illinois,USA,2026-02-15,Active
C00932,Kelly,Sanchez,brittanyanderson@example.net,5983124412,Karenfurt,Massachusetts,USA,2026-03-22,Active
C00933,Cheryl,Mendez,wilsonjohn@example.com,3177495421,Danielleshire,Indiana,USA,2026-03-16,Active
C00934,Matthew,Odom,willishenry@example.com,3175362647,Kingville,Georgia,USA,2025-08-08,Active
C00935,Pamela,Simmons,ostokes@example.org,9928452403,Hayleymouth,Minnesota,USA,2023-07-12,Active
C00936,Clinton,Clark,craigbowman@example.com,0877972479,East Tara,North Carolina,USA,2025-02-18,Active
C00937,Jean,King,isabella81@example.net,0487706769,New Brittany,Oklahoma,USA,2024-10-15,Active
C00938,Cody,Salas,martintanner@example.net,6408585883,Pagefort,Florida,USA,2024-09-17,Active
C00939,George,Singh,raymond29@example.org,4355196282,Port Danielburgh,Minnesota,USA,2025-09-08,Active
C00940,Elizabeth,Reid,katherinezhang@example.com,8639420122,Ashleyburgh,Rhode Island,USA,2023-07-14,Active
C00941,Alexander,Park,sfoster@example.com,2660450956,Huffton,Alaska,USA,2025-08-26,Active
C00942,Christina,Williams,andrewsjohn@example.org,2247119360,South Todd,Arizona,USA,2024-06-17,Active
C00943,Juan,Rodriguez,dguerra@example.com,2643850095,West Rodney,New Hampshire,USA,2025-12-23,Active
C00944,Donna,Mathews,harrismichelle@example.org,1094416423,Rachelport,Delaware,USA,2026-03-31,Active
C00945,James,White,ybarrett@example.net,7606349429,South Markmouth,Connecticut,USA,2025-01-12,Active
C00946,Scott,Bolton,kharvey@example.org,4202483744,East Joseph,Nevada,USA,2025-11-03,Active
C00947,Laura,Mason,carmstrong@example.net,2548536268,Thompsonhaven,Nevada,USA,2025-09-13,Active
C00948,Joseph,Delgado,larsonjeremy@example.com,7421643599,South Amanda,Kentucky,USA,2025-07-07,Active
C00949,Brendan,Burns,smclaughlin@example.org,8844370661,Scottchester,New Jersey,USA,2023-11-22,Active
C00950,Natalie,Fischer,ztran@example.org,4185899002,North Kimberlyport,Michigan,USA,2023-08-15,Active
C00951,Shawn,Skinner,psmith@example.com,6050337469,South Timothymouth,Texas,USA,2024-02-18,Inactive
C00952,Lisa,Ruiz,kelleyderek@example.net,6679419087,Jefferymouth,Utah,USA,2025-04-17,Active
C00953,Margaret,Hughes,ashleyharris@example.net,8987605504,Lake Stanleyview,Tennessee,USA,2026-01-25,Active
C00954,Roberto,Graves,gardnerrichard@example.net,0663201629,Port Mary,South Carolina,USA,2023-09-27,Active
C00955,Wanda,Velasquez,tracyhoffman@example.com,3371708649,Ericborough,Virginia,USA,2025-08-02,Active
C00956,Amanda,Mckay,teresamiller@example.org,4901459967,North Christina,Ohio,USA,2024-10-25,Active
C00957,Aaron,Green,susannelson@example.net,3021781678,Elizabethville,Michigan,USA,2026-02-23,Active
C00958,Allison,Shields,garciadebra@example.com,8150370170,Bradton,Indiana,USA,2023-08-05,Active
C00959,Crystal,Johnson,gibsonrichard@example.net,9682448500,Stephanieburgh,Tennessee,USA,2025-06-09,Active
C00960,Crystal,Davis,bfernandez@example.net,9612766208,East Colleenmouth,Arkansas,USA,2025-05-28,Active
C00961,Linda,Gamble,qlee@example.com,3596245870,Lisaberg,Maryland,USA,2023-12-26,Active
C00962,Natalie,Lewis,richardssheila@example.org,7530284976,Banksmouth,Alabama,USA,2023-11-23,Active
C00963,Karen,Allen,dean40@example.com,3648187540,North Michael,Virginia,USA,2025-03-17,Active
C00964,Whitney,Wright,joshua66@example.org,2360667998,East Nathanport,Oregon,USA,2025-12-12,Inactive
C00965,Tammy,Wyatt,denniswilliams@example.com,9862269920,South Stacyshire,Pennsylvania,USA,2024-09-21,Active
C00966,Jaime,Cooper,briannamclaughlin@example.net,3587688777,Smithville,Kansas,USA,2024-04-06,Active
C00967,Gerald,Mills,paula31@example.com,9839122600,Brandonmouth,Montana,USA,2023-12-09,Active
C00968,Christina,Burgess,fryekevin@example.net,0491341038,Lake Megan,New Mexico,USA,2023-11-24,Active
C00969,Brittany,Fernandez,marissa64@example.org,4059208235,Holderchester,Rhode Island,USA,2026-04-29,Active
C00970,Curtis,Harding,kmartinez@example.net,5682017530,Garciahaven,Nevada,USA,2025-03-19,Active
C00971,Tiffany,Hernandez,melissa04@example.org,7412531379,North Tylerfort,Illinois,USA,2025-06-05,Active
C00972,Charles,Ewing,bryan61@example.net,0259991938,Williamsport,Washington,USA,2024-01-19,Active
C00973,Kelly,Davies,melanie48@example.net,4760786235,Morrisland,New Mexico,USA,2025-05-22,Active
C00974,Tiffany,Watts,christopher32@example.net,1456340918,Michaelland,Washington,USA,2025-09-16,Active
C00975,Cody,Woodard,tgreen@example.net,5391607700,Port Laurie,Virginia,USA,2024-06-07,Active
C00976,Patricia,Wilson,traci39@example.net,2180396620,Cohenview,South Dakota,USA,2026-06-01,Active
C00977,Julia,Keller,hernandezmarc@example.net,1646933356,New Tricia,Maryland,USA,2024-04-15,Active
C00978,Andrew,Velez,gillmary@example.com,8987092019,Michelleland,Colorado,USA,2024-02-05,Active
C00979,Melissa,Thomas,ggray@example.com,8580526321,West Virginiaburgh,Georgia,USA,2023-07-21,Active
C00980,Jeremiah,Stein,alvarezstephanie@example.com,4708231714,Jessicashire,Louisiana,USA,2024-10-05,Active
C00981,Laura,Lara,aanderson@example.org,5960530261,West Todd,Oklahoma,USA,2026-03-22,Active
C00982,Adam,Meadows,dwilliams@example.com,0663605028,New Amyville,Alabama,USA,2026-01-29,Active
C00983,Brenda,Vargas,brianyang@example.net,2520945237,Jesseville,Oregon,USA,2025-06-12,Active
C00984,Jacob,Long,hansonamanda@example.org,7574544920,Heathermouth,Iowa,USA,2025-01-15,Active
C00985,David,Smith,higginscaitlin@example.com,8344566229,Jensenton,Massachusetts,USA,2025-08-06,Active
C00986,Noah,Young,agarcia@example.org,8607047266,Laurenland,Mississippi,USA,2025-01-04,Active
C00987,Anthony,Brooks,erinjones@example.org,6715605879,West Kevin,Indiana,USA,2024-03-26,Active
C00988,Mark,Ramos,brian64@example.net,3157905719,Grahamport,Virginia,USA,2024-09-17,Active
C00989,Jason,Rivera,spencerjames@example.com,4876805702,New Josephtown,Tennessee,USA,2023-10-19,Active
C00990,Jacob,Johnson,ryan33@example.org,9732396440,Johnburgh,Montana,USA,2026-04-21,Active
C00991,Paula,Stevens,jonathangonzales@example.org,3852023209,South Christinabury,Wisconsin,USA,2025-11-23,Inactive
C00992,Zachary,Carter,suzannesimpson@example.org,9075515452,Samuelland,Illinois,USA,2025-02-25,Active
C00993,Jeffrey,Johnson,pkramer@example.org,2622777733,South Richardport,Washington,USA,2024-12-07,Active
C00994,Sara,Ramos,angelicawilliams@example.com,5952984241,East Rachaelview,Alaska,USA,2025-07-11,Active
C00995,Miranda,Kennedy,william67@example.com,5906200363,Sonyaland,Maine,USA,2025-03-21,Active
C00996,Joseph,Larson,danschaefer@example.net,9849149860,Alexisport,Rhode Island,USA,2025-08-09,Active
C00997,Dorothy,Thomas,bhampton@example.com,2239461212,Lake Michelleville,Michigan,USA,2025-05-07,Active
C00998,Anna,Morgan,allen12@example.net,6223984742,Francisfort,California,USA,2026-01-15,Active
C00999,Kim,Fox,jamiefox@example.net,0584168061,Richardmouth,West Virginia,USA,2026-06-09,Active
C01000,Carol,Compton,peter58@example.com,9496383097,North Maryton,Oregon,USA,2026-02-20,Active
